TpTrace Verbose: 0 : 24900, 2, 2026/08/23, 03:51:13.093, 2474921494703, vstest.console.dll, Version: 18.6.0-release-26230-102 Current process architecture: X64
TpTrace Verbose: 0 : 24900, 2, 2026/08/23, 03:51:13.096, 2474921530524, vstest.console.dll, Runtime location: C:\Program Files\dotnet\shared\Microsoft.NETCore.App\10.0.8
TpTrace Information: 0 : 24900, 2, 2026/08/23, 03:51:13.100, 2474921566569, vstest.console.dll, Using .Net Framework version:.NETCoreApp,Version=v10.0
TpTrace Verbose: 0 : 24900, 2, 2026/08/23, 03:51:13.100, 2474921568558, vstest.console.dll, ArtifactProcessingPostProcessModeProcessorExecutor.Initialize: ArtifactProcessingMode.Collect
TpTrace Verbose: 0 : 24900, 2, 2026/08/23, 03:51:13.101, 2474921573046, vstest.console.dll, TestSessionCorrelationIdProcessorModeProcessorExecutor.Initialize: TestSessionCorrelationId '31612_71c9b16a-1582-4a1f-bfb1-05dc0125ab08'
TpTrace Information: 0 : 24900, 2, 2026/08/23, 03:51:13.111, 2474921675667, vstest.console.dll, FilePatternParser: The given file C:\Users\USER\Documents\Projects\DevTasks\tests\DevTasks.IntegrationTests\bin\Debug\net10.0\DevTasks.IntegrationTests.dll is a full path.
TpTrace Verbose: 0 : 24900, 2, 2026/08/23, 03:51:13.119, 2474921756355, vstest.console.dll, TestPluginCache.DiscoverTestExtensions: finding test extensions in assemblies ends with: RuntimeProvider.dll TPluginInfo: Microsoft.VisualStudio.TestPlatform.Common.ExtensionFramework.Utilities.TestRuntimePluginInformation TExtension: Microsoft.VisualStudio.TestPlatform.ObjectModel.Host.ITestRuntimeProvider
TpTrace Verbose: 0 : 24900, 2, 2026/08/23, 03:51:13.119, 2474921761383, vstest.console.dll, TestPluginCache.GetExtensionPaths: Filtered extension paths: 
TpTrace Verbose: 0 : 24900, 2, 2026/08/23, 03:51:13.119, 2474921762433, vstest.console.dll, TestPluginCache.GetExtensionPaths: Added default extension paths: C:\Program Files\dotnet\sdk\10.0.300\Extensions\Microsoft.Diagnostics.NETCore.Client.dll
C:\Program Files\dotnet\sdk\10.0.300\Extensions\Microsoft.TestPlatform.Extensions.BlameDataCollector.dll
C:\Program Files\dotnet\sdk\10.0.300\Extensions\Microsoft.TestPlatform.Extensions.EventLogCollector.dll
C:\Program Files\dotnet\sdk\10.0.300\Extensions\Microsoft.TestPlatform.TestHostRuntimeProvider.dll
C:\Program Files\dotnet\sdk\10.0.300\Extensions\Microsoft.VisualStudio.TestPlatform.Extensions.Html.TestLogger.dll
C:\Program Files\dotnet\sdk\10.0.300\Extensions\Microsoft.VisualStudio.TestPlatform.Extensions.Trx.TestLogger.dll
TpTrace Verbose: 0 : 24900, 2, 2026/08/23, 03:51:13.119, 2474921762695, vstest.console.dll, TestPluginCache.GetExtensionPaths: Added unfilterableExtensionPaths: 
TpTrace Information: 0 : 24900, 2, 2026/08/23, 03:51:13.120, 2474921768949, vstest.console.dll, AssemblyResolver.ctor: Creating AssemblyResolver with searchDirectories C:\Program Files\dotnet\sdk\10.0.300\Extensions,C:\Program Files\dotnet\sdk\10.0.300
TpTrace Verbose: 0 : 24900, 2, 2026/08/23, 03:51:13.122, 2474921786096, vstest.console.dll, TestPluginCache.DiscoverTestExtensions: Discovering the extensions using extension path.
TpTrace Verbose: 0 : 24900, 2, 2026/08/23, 03:51:13.122, 2474921789530, vstest.console.dll, TestPluginCache.GetExtensionPaths: Filtered extension paths: 
TpTrace Verbose: 0 : 24900, 2, 2026/08/23, 03:51:13.122, 2474921790155, vstest.console.dll, TestPluginCache.GetExtensionPaths: Added default extension paths: C:\Program Files\dotnet\sdk\10.0.300\Extensions\Microsoft.Diagnostics.NETCore.Client.dll
C:\Program Files\dotnet\sdk\10.0.300\Extensions\Microsoft.TestPlatform.Extensions.BlameDataCollector.dll
C:\Program Files\dotnet\sdk\10.0.300\Extensions\Microsoft.TestPlatform.Extensions.EventLogCollector.dll
C:\Program Files\dotnet\sdk\10.0.300\Extensions\Microsoft.TestPlatform.TestHostRuntimeProvider.dll
C:\Program Files\dotnet\sdk\10.0.300\Extensions\Microsoft.VisualStudio.TestPlatform.Extensions.Html.TestLogger.dll
C:\Program Files\dotnet\sdk\10.0.300\Extensions\Microsoft.VisualStudio.TestPlatform.Extensions.Trx.TestLogger.dll
TpTrace Verbose: 0 : 24900, 2, 2026/08/23, 03:51:13.122, 2474921790407, vstest.console.dll, TestPluginCache.GetExtensionPaths: Added unfilterableExtensionPaths: 
TpTrace Verbose: 0 : 24900, 2, 2026/08/23, 03:51:13.122, 2474921792690, vstest.console.dll, TestPluginCache.DiscoverTestExtensions: Discovering the extensions using allExtensionPaths: C:\Program Files\dotnet\sdk\10.0.300\Extensions\Microsoft.Diagnostics.NETCore.Client.dll
C:\Program Files\dotnet\sdk\10.0.300\Extensions\Microsoft.TestPlatform.Extensions.BlameDataCollector.dll
C:\Program Files\dotnet\sdk\10.0.300\Extensions\Microsoft.TestPlatform.Extensions.EventLogCollector.dll
C:\Program Files\dotnet\sdk\10.0.300\Extensions\Microsoft.TestPlatform.TestHostRuntimeProvider.dll
C:\Program Files\dotnet\sdk\10.0.300\Extensions\Microsoft.VisualStudio.TestPlatform.Extensions.Html.TestLogger.dll
C:\Program Files\dotnet\sdk\10.0.300\Extensions\Microsoft.VisualStudio.TestPlatform.Extensions.Trx.TestLogger.dll
TpTrace Information: 0 : 24900, 2, 2026/08/23, 03:51:13.123, 2474921794492, vstest.console.dll, AssemblyResolver.AddSearchDirectories: Adding more searchDirectories C:\Program Files\dotnet\sdk\10.0.300\Extensions,C:\Program Files\dotnet\sdk\10.0.300
TpTrace Information: 0 : 24900, 2, 2026/08/23, 03:51:13.123, 2474921795389, vstest.console.dll, AssemblyResolver.AddSearchDirectories: Adding more searchDirectories C:\Program Files\dotnet\sdk\10.0.300\Extensions,C:\Program Files\dotnet\sdk\10.0.300
TpTrace Information: 0 : 24900, 2, 2026/08/23, 03:51:13.123, 2474921795693, vstest.console.dll, AssemblyResolver.AddSearchDirectories: Adding more searchDirectories C:\Program Files\dotnet\sdk\10.0.300\Extensions,C:\Program Files\dotnet\sdk\10.0.300
TpTrace Information: 0 : 24900, 2, 2026/08/23, 03:51:13.123, 2474921795932, vstest.console.dll, AssemblyResolver.AddSearchDirectories: Adding more searchDirectories C:\Program Files\dotnet\sdk\10.0.300\Extensions,C:\Program Files\dotnet\sdk\10.0.300
TpTrace Information: 0 : 24900, 2, 2026/08/23, 03:51:13.123, 2474921796233, vstest.console.dll, AssemblyResolver.AddSearchDirectories: Adding more searchDirectories C:\Program Files\dotnet\sdk\10.0.300\Extensions,C:\Program Files\dotnet\sdk\10.0.300
TpTrace Information: 0 : 24900, 2, 2026/08/23, 03:51:13.123, 2474921796520, vstest.console.dll, AssemblyResolver.AddSearchDirectories: Adding more searchDirectories C:\Program Files\dotnet\sdk\10.0.300\Extensions,C:\Program Files\dotnet\sdk\10.0.300
TpTrace Information: 0 : 24900, 2, 2026/08/23, 03:51:13.124, 2474921806280, vstest.console.dll, AssemblyResolver.OnResolve: Microsoft.Diagnostics.NETCore.Client: Resolving assembly.
TpTrace Information: 0 : 24900, 2, 2026/08/23, 03:51:13.124, 2474921808861, vstest.console.dll, AssemblyResolver.OnResolve: Microsoft.Diagnostics.NETCore.Client: Searching in: 'C:\Program Files\dotnet\sdk\10.0.300\Extensions'.
TpTrace Information: 0 : 24900, 2, 2026/08/23, 03:51:13.137, 2474921935317, vstest.console.dll, AssemblyResolver.OnResolve: Microsoft.Diagnostics.NETCore.Client: Loading assembly 'C:\Program Files\dotnet\sdk\10.0.300\Extensions\Microsoft.Diagnostics.NETCore.Client.dll'.
TpTrace Information: 0 : 24900, 2, 2026/08/23, 03:51:13.139, 2474921961666, vstest.console.dll, AssemblyResolver.TrackProvidedDependency: Resolved 'Microsoft.Diagnostics.NETCore.Client' from 'C:\Program Files\dotnet\sdk\10.0.300\Extensions' for 'unknown'.
TpTrace Information: 0 : 24900, 2, 2026/08/23, 03:51:13.140, 2474921963013, vstest.console.dll, AssemblyResolver.OnResolve: Resolved assembly: Microsoft.Diagnostics.NETCore.Client, from path: C:\Program Files\dotnet\sdk\10.0.300\Extensions\Microsoft.Diagnostics.NETCore.Client.dll
TpTrace Verbose: 0 : 24900, 2, 2026/08/23, 03:51:13.140, 2474921971180, vstest.console.dll, MetadataReaderExtensionsHelper: Discovering extensions inside assembly 'Microsoft.Diagnostics.NETCore.Client, Version=0.2.14.23102, Culture=neutral, PublicKeyToken=31bf3856ad364e35' file path 'C:\Program Files\dotnet\sdk\10.0.300\Extensions\Microsoft.Diagnostics.NETCore.Client.dll'
TpTrace Information: 0 : 24900, 2, 2026/08/23, 03:51:13.143, 2474921995771, vstest.console.dll, AssemblyResolver.OnResolve: Microsoft.Bcl.AsyncInterfaces: Resolving assembly.
TpTrace Information: 0 : 24900, 2, 2026/08/23, 03:51:13.143, 2474922000225, vstest.console.dll, AssemblyResolver.OnResolve: Microsoft.Bcl.AsyncInterfaces: Searching in: 'C:\Program Files\dotnet\sdk\10.0.300\Extensions'.
TpTrace Information: 0 : 24900, 2, 2026/08/23, 03:51:13.143, 2474922002822, vstest.console.dll, AssemblyResolver.OnResolve: Microsoft.Bcl.AsyncInterfaces: Assembly path does not exist: 'C:\Program Files\dotnet\sdk\10.0.300\Extensions\Microsoft.Bcl.AsyncInterfaces.dll', returning.
TpTrace Information: 0 : 24900, 2, 2026/08/23, 03:51:13.144, 2474922004132, vstest.console.dll, AssemblyResolver.OnResolve: Microsoft.Bcl.AsyncInterfaces: Assembly path does not exist: 'C:\Program Files\dotnet\sdk\10.0.300\Extensions\Microsoft.Bcl.AsyncInterfaces.exe', returning.
TpTrace Information: 0 : 24900, 2, 2026/08/23, 03:51:13.144, 2474922004399, vstest.console.dll, AssemblyResolver.OnResolve: Microsoft.Bcl.AsyncInterfaces: Searching in: 'C:\Program Files\dotnet\sdk\10.0.300'.
TpTrace Information: 0 : 24900, 2, 2026/08/23, 03:51:13.144, 2474922005220, vstest.console.dll, AssemblyResolver.OnResolve: Microsoft.Bcl.AsyncInterfaces: Assembly path does not exist: 'C:\Program Files\dotnet\sdk\10.0.300\Microsoft.Bcl.AsyncInterfaces.dll', returning.
TpTrace Information: 0 : 24900, 2, 2026/08/23, 03:51:13.144, 2474922005745, vstest.console.dll, AssemblyResolver.OnResolve: Microsoft.Bcl.AsyncInterfaces: Assembly path does not exist: 'C:\Program Files\dotnet\sdk\10.0.300\Microsoft.Bcl.AsyncInterfaces.exe', returning.
TpTrace Information: 0 : 24900, 2, 2026/08/23, 03:51:13.144, 2474922005965, vstest.console.dll, AssemblyResolver.OnResolve: Microsoft.Bcl.AsyncInterfaces: Failed to load assembly.
TpTrace Verbose: 0 : 24900, 2, 2026/08/23, 03:51:13.144, 2474922006402, vstest.console.dll, CurrentDomainAssemblyResolve: Resolving assembly 'Microsoft.Bcl.AsyncInterfaces'.
TpTrace Information: 0 : 24900, 2, 2026/08/23, 03:51:13.144, 2474922007421, vstest.console.dll, AssemblyResolver.OnResolve: Microsoft.Bcl.AsyncInterfaces: Resolving assembly.
TpTrace Information: 0 : 24900, 2, 2026/08/23, 03:51:13.144, 2474922007972, vstest.console.dll, AssemblyResolver.OnResolve: Microsoft.Bcl.AsyncInterfaces: Resolved from cache.
TpTrace Verbose: 0 : 24900, 2, 2026/08/23, 03:51:13.144, 2474922008174, vstest.console.dll, CurrentDomainAssemblyResolve: Resolving assembly 'Microsoft.Bcl.AsyncInterfaces'.
TpTrace Verbose: 0 : 24900, 2, 2026/08/23, 03:51:13.144, 2474922008502, vstest.console.dll, CurrentDomainAssemblyResolve: Failed to resolve assembly 'Microsoft.Bcl.AsyncInterfaces'.
TpTrace Verbose: 0 : 24900, 2, 2026/08/23, 03:51:13.145, 2474922020642, vstest.console.dll, CurrentDomainAssemblyResolve: Failed to resolve assembly 'Microsoft.Bcl.AsyncInterfaces'.
TpTrace Information: 0 : 24900, 2, 2026/08/23, 03:51:13.148, 2474922048383, vstest.console.dll, AssemblyResolver.OnResolve: Microsoft.Bcl.AsyncInterfaces: Resolving assembly.
TpTrace Information: 0 : 24900, 2, 2026/08/23, 03:51:13.148, 2474922049510, vstest.console.dll, AssemblyResolver.OnResolve: Microsoft.Bcl.AsyncInterfaces: Resolved from cache.
TpTrace Verbose: 0 : 24900, 2, 2026/08/23, 03:51:13.148, 2474922049713, vstest.console.dll, CurrentDomainAssemblyResolve: Resolving assembly 'Microsoft.Bcl.AsyncInterfaces'.
TpTrace Verbose: 0 : 24900, 2, 2026/08/23, 03:51:13.148, 2474922049876, vstest.console.dll, CurrentDomainAssemblyResolve: Failed to resolve assembly 'Microsoft.Bcl.AsyncInterfaces'.
TpTrace Information: 0 : 24900, 2, 2026/08/23, 03:51:13.149, 2474922060436, vstest.console.dll, AssemblyResolver.OnResolve: Microsoft.Bcl.AsyncInterfaces: Resolving assembly.
TpTrace Information: 0 : 24900, 2, 2026/08/23, 03:51:13.149, 2474922061307, vstest.console.dll, AssemblyResolver.OnResolve: Microsoft.Bcl.AsyncInterfaces: Resolved from cache.
TpTrace Verbose: 0 : 24900, 2, 2026/08/23, 03:51:13.149, 2474922061522, vstest.console.dll, CurrentDomainAssemblyResolve: Resolving assembly 'Microsoft.Bcl.AsyncInterfaces'.
TpTrace Verbose: 0 : 24900, 2, 2026/08/23, 03:51:13.149, 2474922061765, vstest.console.dll, CurrentDomainAssemblyResolve: Failed to resolve assembly 'Microsoft.Bcl.AsyncInterfaces'.
TpTrace Warning: 0 : 24900, 2, 2026/08/23, 03:51:13.161, 2474922180644, vstest.console.dll, TestPluginDiscoverer: Failed to get types from assembly 'Microsoft.Diagnostics.NETCore.Client, Version=0.2.14.23102, Culture=neutral, PublicKeyToken=31bf3856ad364e35'. Error: System.Reflection.ReflectionTypeLoadException: Unable to load one or more of the requested types.
Could not load file or assembly 'Microsoft.Bcl.AsyncInterfaces, Version=9.0.0.8, Culture=neutral, PublicKeyToken=cc7b13ffcd2ddd51'. The system cannot find the file specified.
Could not load file or assembly 'Microsoft.Bcl.AsyncInterfaces, Version=9.0.0.8, Culture=neutral, PublicKeyToken=cc7b13ffcd2ddd51'. The system cannot find the file specified.
Could not load file or assembly 'Microsoft.Bcl.AsyncInterfaces, Version=9.0.0.8, Culture=neutral, PublicKeyToken=cc7b13ffcd2ddd51'. The system cannot find the file specified.
   at System.Reflection.RuntimeModule.GetDefinedTypes()
   at System.Reflection.RuntimeModule.GetTypes()
   at Microsoft.VisualStudio.TestPlatform.Common.ExtensionFramework.TestPluginDiscoverer.GetTestExtensionsFromAssembly[TPluginInfo,TExtension](Assembly assembly, Dictionary`2 pluginInfos, String filePath) in /_/src/vstest/src/Microsoft.TestPlatform.Common/ExtensionFramework/TestPluginDiscoverer.cs:line 159
System.IO.FileNotFoundException: Could not load file or assembly 'Microsoft.Bcl.AsyncInterfaces, Version=9.0.0.8, Culture=neutral, PublicKeyToken=cc7b13ffcd2ddd51'. The system cannot find the file specified.
File name: 'Microsoft.Bcl.AsyncInterfaces, Version=9.0.0.8, Culture=neutral, PublicKeyToken=cc7b13ffcd2ddd51'
 ---> System.IO.FileNotFoundException: Could not load file or assembly 'Microsoft.Bcl.AsyncInterfaces, Culture=neutral, PublicKeyToken=null'. The system cannot find the file specified.
File name: 'Microsoft.Bcl.AsyncInterfaces, Culture=neutral, PublicKeyToken=null'
   at System.Reflection.RuntimeAssembly.InternalLoad(AssemblyName assemblyName, StackCrawlMark& stackMark, AssemblyLoadContext assemblyLoadContext, RuntimeAssembly requestingAssembly, Boolean throwOnFileNotFound)
   at System.Reflection.Assembly.Load(AssemblyName assemblyRef)
   at Microsoft.VisualStudio.TestPlatform.Common.ExtensionFramework.TestPluginCache.CurrentDomainAssemblyResolve(Object sender, AssemblyResolveEventArgs args) in /_/src/vstest/src/Microsoft.TestPlatform.Common/ExtensionFramework/TestPluginCache.cs:line 514
   at System.Runtime.Loader.AssemblyLoadContext.GetFirstResolvedAssemblyFromResolvingEvent(AssemblyName assemblyName)
   at System.Runtime.Loader.AssemblyLoadContext.ResolveUsingEvent(AssemblyName assemblyName)
System.IO.FileNotFoundException: Could not load file or assembly 'Microsoft.Bcl.AsyncInterfaces, Version=9.0.0.8, Culture=neutral, PublicKeyToken=cc7b13ffcd2ddd51'. The system cannot find the file specified.
File name: 'Microsoft.Bcl.AsyncInterfaces, Version=9.0.0.8, Culture=neutral, PublicKeyToken=cc7b13ffcd2ddd51'
System.IO.FileNotFoundException: Could not load file or assembly 'Microsoft.Bcl.AsyncInterfaces, Version=9.0.0.8, Culture=neutral, PublicKeyToken=cc7b13ffcd2ddd51'. The system cannot find the file specified.
File name: 'Microsoft.Bcl.AsyncInterfaces, Version=9.0.0.8, Culture=neutral, PublicKeyToken=cc7b13ffcd2ddd51'
TpTrace Warning: 0 : 24900, 2, 2026/08/23, 03:51:13.162, 2474922184162, vstest.console.dll, LoaderExceptions: System.IO.FileNotFoundException: Could not load file or assembly 'Microsoft.Bcl.AsyncInterfaces, Version=9.0.0.8, Culture=neutral, PublicKeyToken=cc7b13ffcd2ddd51'. The system cannot find the file specified.
File name: 'Microsoft.Bcl.AsyncInterfaces, Version=9.0.0.8, Culture=neutral, PublicKeyToken=cc7b13ffcd2ddd51'
 ---> System.IO.FileNotFoundException: Could not load file or assembly 'Microsoft.Bcl.AsyncInterfaces, Culture=neutral, PublicKeyToken=null'. The system cannot find the file specified.
File name: 'Microsoft.Bcl.AsyncInterfaces, Culture=neutral, PublicKeyToken=null'
   at System.Reflection.RuntimeAssembly.InternalLoad(AssemblyName assemblyName, StackCrawlMark& stackMark, AssemblyLoadContext assemblyLoadContext, RuntimeAssembly requestingAssembly, Boolean throwOnFileNotFound)
   at System.Reflection.Assembly.Load(AssemblyName assemblyRef)
   at Microsoft.VisualStudio.TestPlatform.Common.ExtensionFramework.TestPluginCache.CurrentDomainAssemblyResolve(Object sender, AssemblyResolveEventArgs args) in /_/src/vstest/src/Microsoft.TestPlatform.Common/ExtensionFramework/TestPluginCache.cs:line 514
   at System.Runtime.Loader.AssemblyLoadContext.GetFirstResolvedAssemblyFromResolvingEvent(AssemblyName assemblyName)
   at System.Runtime.Loader.AssemblyLoadContext.ResolveUsingEvent(AssemblyName assemblyName)
TpTrace Warning: 0 : 24900, 2, 2026/08/23, 03:51:13.162, 2474922185341, vstest.console.dll, LoaderExceptions: System.IO.FileNotFoundException: Could not load file or assembly 'Microsoft.Bcl.AsyncInterfaces, Version=9.0.0.8, Culture=neutral, PublicKeyToken=cc7b13ffcd2ddd51'. The system cannot find the file specified.
File name: 'Microsoft.Bcl.AsyncInterfaces, Version=9.0.0.8, Culture=neutral, PublicKeyToken=cc7b13ffcd2ddd51'
TpTrace Warning: 0 : 24900, 2, 2026/08/23, 03:51:13.162, 2474922185611, vstest.console.dll, LoaderExceptions: System.IO.FileNotFoundException: Could not load file or assembly 'Microsoft.Bcl.AsyncInterfaces, Version=9.0.0.8, Culture=neutral, PublicKeyToken=cc7b13ffcd2ddd51'. The system cannot find the file specified.
File name: 'Microsoft.Bcl.AsyncInterfaces, Version=9.0.0.8, Culture=neutral, PublicKeyToken=cc7b13ffcd2ddd51'
TpTrace Information: 0 : 24900, 2, 2026/08/23, 03:51:13.162, 2474922186636, vstest.console.dll, AssemblyResolver.OnResolve: Microsoft.TestPlatform.Extensions.BlameDataCollector: Resolving assembly.
TpTrace Information: 0 : 24900, 2, 2026/08/23, 03:51:13.162, 2474922186994, vstest.console.dll, AssemblyResolver.OnResolve: Microsoft.TestPlatform.Extensions.BlameDataCollector: Searching in: 'C:\Program Files\dotnet\sdk\10.0.300\Extensions'.
TpTrace Information: 0 : 24900, 2, 2026/08/23, 03:51:13.163, 2474922196436, vstest.console.dll, AssemblyResolver.OnResolve: Microsoft.TestPlatform.Extensions.BlameDataCollector: Loading assembly 'C:\Program Files\dotnet\sdk\10.0.300\Extensions\Microsoft.TestPlatform.Extensions.BlameDataCollector.dll'.
TpTrace Information: 0 : 24900, 2, 2026/08/23, 03:51:13.164, 2474922206304, vstest.console.dll, AssemblyResolver.TrackProvidedDependency: Resolved 'Microsoft.TestPlatform.Extensions.BlameDataCollector' from 'C:\Program Files\dotnet\sdk\10.0.300\Extensions' for 'unknown'.
TpTrace Information: 0 : 24900, 2, 2026/08/23, 03:51:13.164, 2474922207384, vstest.console.dll, AssemblyResolver.OnResolve: Resolved assembly: Microsoft.TestPlatform.Extensions.BlameDataCollector, from path: C:\Program Files\dotnet\sdk\10.0.300\Extensions\Microsoft.TestPlatform.Extensions.BlameDataCollector.dll
TpTrace Verbose: 0 : 24900, 2, 2026/08/23, 03:51:13.164, 2474922208100, vstest.console.dll, MetadataReaderExtensionsHelper: Discovering extensions inside assembly 'Microsoft.TestPlatform.Extensions.BlameDataCollector, Version=15.0.0.0, Culture=neutral, PublicKeyToken=b03f5f7f11d50a3a' file path 'C:\Program Files\dotnet\sdk\10.0.300\Extensions\Microsoft.TestPlatform.Extensions.BlameDataCollector.dll'
TpTrace Information: 0 : 24900, 2, 2026/08/23, 03:51:13.167, 2474922234542, vstest.console.dll, AssemblyResolver.OnResolve: Microsoft.TestPlatform.Extensions.EventLogCollector: Resolving assembly.
TpTrace Information: 0 : 24900, 2, 2026/08/23, 03:51:13.167, 2474922236734, vstest.console.dll, AssemblyResolver.OnResolve: Microsoft.TestPlatform.Extensions.EventLogCollector: Searching in: 'C:\Program Files\dotnet\sdk\10.0.300\Extensions'.
TpTrace Information: 0 : 24900, 2, 2026/08/23, 03:51:13.168, 2474922249165, vstest.console.dll, AssemblyResolver.OnResolve: Microsoft.TestPlatform.Extensions.EventLogCollector: Loading assembly 'C:\Program Files\dotnet\sdk\10.0.300\Extensions\Microsoft.TestPlatform.Extensions.EventLogCollector.dll'.
TpTrace Information: 0 : 24900, 2, 2026/08/23, 03:51:13.169, 2474922260163, vstest.console.dll, AssemblyResolver.TrackProvidedDependency: Resolved 'Microsoft.TestPlatform.Extensions.EventLogCollector' from 'C:\Program Files\dotnet\sdk\10.0.300\Extensions' for 'unknown'.
TpTrace Information: 0 : 24900, 2, 2026/08/23, 03:51:13.169, 2474922260694, vstest.console.dll, AssemblyResolver.OnResolve: Resolved assembly: Microsoft.TestPlatform.Extensions.EventLogCollector, from path: C:\Program Files\dotnet\sdk\10.0.300\Extensions\Microsoft.TestPlatform.Extensions.EventLogCollector.dll
TpTrace Verbose: 0 : 24900, 2, 2026/08/23, 03:51:13.169, 2474922261202, vstest.console.dll, MetadataReaderExtensionsHelper: Discovering extensions inside assembly 'Microsoft.TestPlatform.Extensions.EventLogCollector, Version=15.0.0.0, Culture=neutral, PublicKeyToken=b03f5f7f11d50a3a' file path 'C:\Program Files\dotnet\sdk\10.0.300\Extensions\Microsoft.TestPlatform.Extensions.EventLogCollector.dll'
TpTrace Information: 0 : 24900, 2, 2026/08/23, 03:51:13.173, 2474922297725, vstest.console.dll, AssemblyResolver.OnResolve: Microsoft.TestPlatform.TestHostRuntimeProvider: Resolving assembly.
TpTrace Information: 0 : 24900, 2, 2026/08/23, 03:51:13.173, 2474922299679, vstest.console.dll, AssemblyResolver.OnResolve: Microsoft.TestPlatform.TestHostRuntimeProvider: Searching in: 'C:\Program Files\dotnet\sdk\10.0.300\Extensions'.
TpTrace Information: 0 : 24900, 2, 2026/08/23, 03:51:13.174, 2474922310849, vstest.console.dll, AssemblyResolver.OnResolve: Microsoft.TestPlatform.TestHostRuntimeProvider: Loading assembly 'C:\Program Files\dotnet\sdk\10.0.300\Extensions\Microsoft.TestPlatform.TestHostRuntimeProvider.dll'.
TpTrace Information: 0 : 24900, 2, 2026/08/23, 03:51:13.175, 2474922321466, vstest.console.dll, AssemblyResolver.TrackProvidedDependency: Resolved 'Microsoft.TestPlatform.TestHostRuntimeProvider' from 'C:\Program Files\dotnet\sdk\10.0.300\Extensions' for 'unknown'.
TpTrace Information: 0 : 24900, 2, 2026/08/23, 03:51:13.175, 2474922322514, vstest.console.dll, AssemblyResolver.OnResolve: Resolved assembly: Microsoft.TestPlatform.TestHostRuntimeProvider, from path: C:\Program Files\dotnet\sdk\10.0.300\Extensions\Microsoft.TestPlatform.TestHostRuntimeProvider.dll
TpTrace Verbose: 0 : 24900, 2, 2026/08/23, 03:51:13.176, 2474922323165, vstest.console.dll, MetadataReaderExtensionsHelper: Discovering extensions inside assembly 'Microsoft.TestPlatform.TestHostRuntimeProvider, Version=15.0.0.0, Culture=neutral, PublicKeyToken=b03f5f7f11d50a3a' file path 'C:\Program Files\dotnet\sdk\10.0.300\Extensions\Microsoft.TestPlatform.TestHostRuntimeProvider.dll'
TpTrace Information: 0 : 24900, 2, 2026/08/23, 03:51:13.178, 2474922346416, vstest.console.dll, GetTestExtensionFromType: Register extension with identifier data 'HostProvider://DefaultTestHost' and type 'Microsoft.VisualStudio.TestPlatform.CrossPlatEngine.Hosting.DefaultTestHostManager, Microsoft.TestPlatform.TestHostRuntimeProvider, Version=15.0.0.0, Culture=neutral, PublicKeyToken=b03f5f7f11d50a3a' inside file 'C:\Program Files\dotnet\sdk\10.0.300\Extensions\Microsoft.TestPlatform.TestHostRuntimeProvider.dll'
TpTrace Information: 0 : 24900, 2, 2026/08/23, 03:51:13.178, 2474922351608, vstest.console.dll, GetTestExtensionFromType: Register extension with identifier data 'HostProvider://DotnetTestHost' and type 'Microsoft.VisualStudio.TestPlatform.CrossPlatEngine.Hosting.DotnetTestHostManager, Microsoft.TestPlatform.TestHostRuntimeProvider, Version=15.0.0.0, Culture=neutral, PublicKeyToken=b03f5f7f11d50a3a' inside file 'C:\Program Files\dotnet\sdk\10.0.300\Extensions\Microsoft.TestPlatform.TestHostRuntimeProvider.dll'
TpTrace Information: 0 : 24900, 2, 2026/08/23, 03:51:13.179, 2474922353371, vstest.console.dll, AssemblyResolver.OnResolve: Microsoft.VisualStudio.TestPlatform.Extensions.Html.TestLogger: Resolving assembly.
TpTrace Information: 0 : 24900, 2, 2026/08/23, 03:51:13.179, 2474922353673, vstest.console.dll, AssemblyResolver.OnResolve: Microsoft.VisualStudio.TestPlatform.Extensions.Html.TestLogger: Searching in: 'C:\Program Files\dotnet\sdk\10.0.300\Extensions'.
TpTrace Information: 0 : 24900, 2, 2026/08/23, 03:51:13.180, 2474922368036, vstest.console.dll, AssemblyResolver.OnResolve: Microsoft.VisualStudio.TestPlatform.Extensions.Html.TestLogger: Loading assembly 'C:\Program Files\dotnet\sdk\10.0.300\Extensions\Microsoft.VisualStudio.TestPlatform.Extensions.Html.TestLogger.dll'.
TpTrace Information: 0 : 24900, 2, 2026/08/23, 03:51:13.182, 2474922386671, vstest.console.dll, AssemblyResolver.TrackProvidedDependency: Resolved 'Microsoft.VisualStudio.TestPlatform.Extensions.Html.TestLogger' from 'C:\Program Files\dotnet\sdk\10.0.300\Extensions' for 'unknown'.
TpTrace Information: 0 : 24900, 2, 2026/08/23, 03:51:13.182, 2474922388724, vstest.console.dll, AssemblyResolver.OnResolve: Resolved assembly: Microsoft.VisualStudio.TestPlatform.Extensions.Html.TestLogger, from path: C:\Program Files\dotnet\sdk\10.0.300\Extensions\Microsoft.VisualStudio.TestPlatform.Extensions.Html.TestLogger.dll
TpTrace Verbose: 0 : 24900, 2, 2026/08/23, 03:51:13.182, 2474922389506, vstest.console.dll, MetadataReaderExtensionsHelper: Discovering extensions inside assembly 'Microsoft.VisualStudio.TestPlatform.Extensions.Html.TestLogger, Version=15.0.0.0, Culture=neutral, PublicKeyToken=b03f5f7f11d50a3a' file path 'C:\Program Files\dotnet\sdk\10.0.300\Extensions\Microsoft.VisualStudio.TestPlatform.Extensions.Html.TestLogger.dll'
TpTrace Information: 0 : 24900, 2, 2026/08/23, 03:51:13.184, 2474922408100, vstest.console.dll, AssemblyResolver.OnResolve: Microsoft.VisualStudio.TestPlatform.Extensions.Trx.TestLogger: Resolving assembly.
TpTrace Information: 0 : 24900, 2, 2026/08/23, 03:51:13.184, 2474922409118, vstest.console.dll, AssemblyResolver.OnResolve: Microsoft.VisualStudio.TestPlatform.Extensions.Trx.TestLogger: Searching in: 'C:\Program Files\dotnet\sdk\10.0.300\Extensions'.
TpTrace Information: 0 : 24900, 2, 2026/08/23, 03:51:13.185, 2474922416357, vstest.console.dll, AssemblyResolver.OnResolve: Microsoft.VisualStudio.TestPlatform.Extensions.Trx.TestLogger: Loading assembly 'C:\Program Files\dotnet\sdk\10.0.300\Extensions\Microsoft.VisualStudio.TestPlatform.Extensions.Trx.TestLogger.dll'.
TpTrace Information: 0 : 24900, 2, 2026/08/23, 03:51:13.186, 2474922428882, vstest.console.dll, AssemblyResolver.TrackProvidedDependency: Resolved 'Microsoft.VisualStudio.TestPlatform.Extensions.Trx.TestLogger' from 'C:\Program Files\dotnet\sdk\10.0.300\Extensions' for 'unknown'.
TpTrace Information: 0 : 24900, 2, 2026/08/23, 03:51:13.186, 2474922430513, vstest.console.dll, AssemblyResolver.OnResolve: Resolved assembly: Microsoft.VisualStudio.TestPlatform.Extensions.Trx.TestLogger, from path: C:\Program Files\dotnet\sdk\10.0.300\Extensions\Microsoft.VisualStudio.TestPlatform.Extensions.Trx.TestLogger.dll
TpTrace Verbose: 0 : 24900, 2, 2026/08/23, 03:51:13.186, 2474922431036, vstest.console.dll, MetadataReaderExtensionsHelper: Discovering extensions inside assembly 'Microsoft.VisualStudio.TestPlatform.Extensions.Trx.TestLogger, Version=15.0.0.0, Culture=neutral, PublicKeyToken=b03f5f7f11d50a3a' file path 'C:\Program Files\dotnet\sdk\10.0.300\Extensions\Microsoft.VisualStudio.TestPlatform.Extensions.Trx.TestLogger.dll'
TpTrace Verbose: 0 : 24900, 2, 2026/08/23, 03:51:13.189, 2474922453958, vstest.console.dll, TestPluginCache: Discovered the extensions using extension path ''.
TpTrace Verbose: 0 : 24900, 2, 2026/08/23, 03:51:13.189, 2474922455600, vstest.console.dll, TestPluginCache: Discoverers are ''.
TpTrace Verbose: 0 : 24900, 2, 2026/08/23, 03:51:13.189, 2474922455924, vstest.console.dll, TestPluginCache: Executors are ''.
TpTrace Verbose: 0 : 24900, 2, 2026/08/23, 03:51:13.189, 2474922456081, vstest.console.dll, TestPluginCache: Executors2 are ''.
TpTrace Verbose: 0 : 24900, 2, 2026/08/23, 03:51:13.189, 2474922456228, vstest.console.dll, TestPluginCache: Setting providers are ''.
TpTrace Verbose: 0 : 24900, 2, 2026/08/23, 03:51:13.189, 2474922456375, vstest.console.dll, TestPluginCache: Loggers are ''.
TpTrace Verbose: 0 : 24900, 2, 2026/08/23, 03:51:13.189, 2474922458192, vstest.console.dll, TestPluginCache: TestHosts are 'HostProvider://DefaultTestHost,HostProvider://DotnetTestHost'.
TpTrace Verbose: 0 : 24900, 2, 2026/08/23, 03:51:13.189, 2474922458601, vstest.console.dll, TestPluginCache: DataCollectors are ''.
TpTrace Information: 0 : 24900, 2, 2026/08/23, 03:51:13.205, 2474922619548, vstest.console.dll, RunTestsArgumentProcessor:Execute: Test run is starting.
TpTrace Verbose: 0 : 24900, 2, 2026/08/23, 03:51:13.205, 2474922621223, vstest.console.dll, RunTestsArgumentProcessor:Execute: Queuing Test run.
TpTrace Information: 0 : 24900, 2, 2026/08/23, 03:51:13.206, 2474922624973, vstest.console.dll, TestRequestManager.RunTests: run tests started.
TpTrace Information: 0 : 24900, 2, 2026/08/23, 03:51:13.208, 2474922648352, vstest.console.dll, AssemblyMetadataProvider.GetFrameworkName: Determined framework:'.NETCoreApp,Version=v10.0' for source: 'C:\Users\USER\Documents\Projects\DevTasks\tests\DevTasks.IntegrationTests\bin\Debug\net10.0\DevTasks.IntegrationTests.dll'
TpTrace Information: 0 : 24900, 2, 2026/08/23, 03:51:13.208, 2474922652681, vstest.console.dll, Determined framework for all sources: .NETCoreApp,Version=v10.0
TpTrace Verbose: 0 : 24900, 2, 2026/08/23, 03:51:13.211, 2474922677041, vstest.console.dll, TestRequestManager.UpdateRunSettingsIfRequired: Default architecture: X64 IsDefaultTargetArchitecture: True, Current process architecture: X64 OperatingSystem: Windows.
TpTrace Information: 0 : 24900, 2, 2026/08/23, 03:51:13.214, 2474922703366, vstest.console.dll, AssemblyMetadataProvider.GetArchitecture: Determined architecture:AnyCPU info for assembly: C:\Users\USER\Documents\Projects\DevTasks\tests\DevTasks.IntegrationTests\bin\Debug\net10.0\DevTasks.IntegrationTests.dll
TpTrace Information: 0 : 24900, 2, 2026/08/23, 03:51:13.214, 2474922704513, vstest.console.dll, Determined platform for source 'C:\Users\USER\Documents\Projects\DevTasks\tests\DevTasks.IntegrationTests\bin\Debug\net10.0\DevTasks.IntegrationTests.dll' was AnyCPU and it will use the default plaform X64.
TpTrace Information: 0 : 24900, 2, 2026/08/23, 03:51:13.214, 2474922704723, vstest.console.dll, None of the sources provided any runnable platform, using the default platform: X64
TpTrace Information: 0 : 24900, 2, 2026/08/23, 03:51:13.214, 2474922707155, vstest.console.dll, Platform was updated to 'X64'.
TpTrace Information: 0 : 24900, 2, 2026/08/23, 03:51:13.217, 2474922732967, vstest.console.dll, Compatible sources list: 
TpTrace Information: 0 : 24900, 2, 2026/08/23, 03:51:13.217, 2474922734514, vstest.console.dll, C:\Users\USER\Documents\Projects\DevTasks\tests\DevTasks.IntegrationTests\bin\Debug\net10.0\DevTasks.IntegrationTests.dll
TpTrace Information: 0 : 24900, 2, 2026/08/23, 03:51:13.219, 2474922760071, vstest.console.dll, InferRunSettingsHelper.IsTestSettingsEnabled: Unable to navigate to RunSettings/MSTest. Current node: RunSettings
TpTrace Information: 0 : 24900, 2, 2026/08/23, 03:51:13.220, 2474922767146, vstest.console.dll, AssemblyResolver.OnResolve: Microsoft.VisualStudio.TestPlatform.Fakes: Resolving assembly.
TpTrace Information: 0 : 24900, 2, 2026/08/23, 03:51:13.220, 2474922768015, vstest.console.dll, AssemblyResolver.OnResolve: Microsoft.VisualStudio.TestPlatform.Fakes: Searching in: 'C:\Program Files\dotnet\sdk\10.0.300\Extensions'.
TpTrace Information: 0 : 24900, 2, 2026/08/23, 03:51:13.220, 2474922769150, vstest.console.dll, AssemblyResolver.OnResolve: Microsoft.VisualStudio.TestPlatform.Fakes: Assembly path does not exist: 'C:\Program Files\dotnet\sdk\10.0.300\Extensions\Microsoft.VisualStudio.TestPlatform.Fakes.dll', returning.
TpTrace Information: 0 : 24900, 2, 2026/08/23, 03:51:13.220, 2474922769649, vstest.console.dll, AssemblyResolver.OnResolve: Microsoft.VisualStudio.TestPlatform.Fakes: Assembly path does not exist: 'C:\Program Files\dotnet\sdk\10.0.300\Extensions\Microsoft.VisualStudio.TestPlatform.Fakes.exe', returning.
TpTrace Information: 0 : 24900, 2, 2026/08/23, 03:51:13.220, 2474922769938, vstest.console.dll, AssemblyResolver.OnResolve: Microsoft.VisualStudio.TestPlatform.Fakes: Searching in: 'C:\Program Files\dotnet\sdk\10.0.300'.
TpTrace Information: 0 : 24900, 2, 2026/08/23, 03:51:13.220, 2474922770515, vstest.console.dll, AssemblyResolver.OnResolve: Microsoft.VisualStudio.TestPlatform.Fakes: Assembly path does not exist: 'C:\Program Files\dotnet\sdk\10.0.300\Microsoft.VisualStudio.TestPlatform.Fakes.dll', returning.
TpTrace Information: 0 : 24900, 2, 2026/08/23, 03:51:13.220, 2474922770974, vstest.console.dll, AssemblyResolver.OnResolve: Microsoft.VisualStudio.TestPlatform.Fakes: Assembly path does not exist: 'C:\Program Files\dotnet\sdk\10.0.300\Microsoft.VisualStudio.TestPlatform.Fakes.exe', returning.
TpTrace Information: 0 : 24900, 2, 2026/08/23, 03:51:13.220, 2474922771193, vstest.console.dll, AssemblyResolver.OnResolve: Microsoft.VisualStudio.TestPlatform.Fakes: Failed to load assembly.
TpTrace Information: 0 : 24900, 2, 2026/08/23, 03:51:13.221, 2474922779739, vstest.console.dll, Failed to load assembly Microsoft.VisualStudio.TestPlatform.Fakes, Version=18.0.0.0, Culture=neutral. Reason:System.IO.FileNotFoundException: Could not load file or assembly 'Microsoft.VisualStudio.TestPlatform.Fakes, Version=18.0.0.0, Culture=neutral, PublicKeyToken=null'. The system cannot find the file specified.
File name: 'Microsoft.VisualStudio.TestPlatform.Fakes, Version=18.0.0.0, Culture=neutral, PublicKeyToken=null'
   at System.Reflection.RuntimeAssembly.InternalLoad(AssemblyName assemblyName, StackCrawlMark& stackMark, AssemblyLoadContext assemblyLoadContext, RuntimeAssembly requestingAssembly, Boolean throwOnFileNotFound)
   at System.Reflection.Assembly.Load(AssemblyName assemblyRef)
   at Microsoft.VisualStudio.TestPlatform.Common.Utilities.FakesUtilities.LoadTestPlatformAssembly() in /_/src/vstest/src/Microsoft.TestPlatform.Common/Utilities/FakesUtilities.cs:line 200
TpTrace Verbose: 0 : 24900, 2, 2026/08/23, 03:51:13.223, 2474922797441, vstest.console.dll, TestPluginCache: Update extensions started. Skip filter = False
TpTrace Verbose: 0 : 24900, 2, 2026/08/23, 03:51:13.225, 2474922821351, vstest.console.dll, TestPluginCache: Using directories for assembly resolution 'C:\Users\USER\.nuget\packages\coverlet.collector\6.0.4\build\netstandard2.0'.
TpTrace Verbose: 0 : 24900, 2, 2026/08/23, 03:51:13.225, 2474922822475, vstest.console.dll, TestPluginCache: Updated the available extensions to 'C:\Users\USER\.nuget\packages\coverlet.collector\6.0.4\build\netstandard2.0\coverlet.collector.dll'.
TpTrace Verbose: 0 : 24900, 2, 2026/08/23, 03:51:13.233, 2474922899699, vstest.console.dll, TestEngine: Initializing Parallel Execution as MaxCpuCount is set to: 1
TpTrace Information: 0 : 24900, 2, 2026/08/23, 03:51:13.234, 2474922910049, vstest.console.dll, TestPluginManager.CreateTestExtension: Attempting to load test extension: Microsoft.VisualStudio.TestPlatform.CrossPlatEngine.Hosting.DefaultTestHostManager
TpTrace Information: 0 : 24900, 2, 2026/08/23, 03:51:13.235, 2474922921303, vstest.console.dll, TestPluginManager.CreateTestExtension: Attempting to load test extension: Microsoft.VisualStudio.TestPlatform.CrossPlatEngine.Hosting.DotnetTestHostManager
TpTrace Verbose: 0 : 24900, 2, 2026/08/23, 03:51:13.236, 2474922926947, vstest.console.dll, TestHostManagerCallbacks.ctor: Forwarding output is enabled.
TpTrace Information: 0 : 24900, 2, 2026/08/23, 03:51:13.237, 2474922935453, vstest.console.dll, InferRunSettingsHelper.IsTestSettingsEnabled: Unable to navigate to RunSettings/MSTest. Current node: RunSettings
TpTrace Verbose: 0 : 24900, 2, 2026/08/23, 03:51:13.238, 2474922943234, vstest.console.dll, ParallelOperationManager.ClearSlots: Clearing all slots. Slots should accept more work: True
TpTrace Verbose: 0 : 24900, 2, 2026/08/23, 03:51:13.239, 2474922958616, vstest.console.dll, ParallelOperationManager.SetOccupiedSlotCount: Setting slot counts AvailableSlotCount = 1, OccupiedSlotCount = 0.
TpTrace Verbose: 0 : 24900, 2, 2026/08/23, 03:51:13.240, 2474922962970, vstest.console.dll, Occupied slots:

TpTrace Verbose: 0 : 24900, 2, 2026/08/23, 03:51:13.243, 2474922995946, vstest.console.dll, TestEngine.GetExecutionManager: Chosen execution manager 'Microsoft.VisualStudio.TestPlatform.CrossPlatEngine.Client.Parallel.ParallelProxyExecutionManager, Microsoft.TestPlatform.CrossPlatEngine, Version=15.0.0.0, Culture=neutral, PublicKeyToken=b03f5f7f11d50a3a' ParallelLevel '1'.
TpTrace Verbose: 0 : 24900, 2, 2026/08/23, 03:51:13.243, 2474923000049, vstest.console.dll, TestPlatform.GetSkipDefaultAdapters: Not skipping default adapters SkipDefaultAdapters was false.
TpTrace Verbose: 0 : 24900, 2, 2026/08/23, 03:51:13.243, 2474923001491, vstest.console.dll, TestRunRequest.ExecuteAsync: Creating test run request.
TpTrace Verbose: 0 : 24900, 2, 2026/08/23, 03:51:13.245, 2474923014675, vstest.console.dll, TestRunRequest.ExecuteAsync: Starting.
TpTrace Information: 0 : 24900, 2, 2026/08/23, 03:51:13.245, 2474923019640, vstest.console.dll, TestRunRequest.ExecuteAsync: Starting run with settings:TestRunCriteria:
   KeepAlive=False,FrequencyOfRunStatsChangeEvent=10,RunStatsChangeEventTimeout=00:00:01.5000000,TestCaseFilter=,TestExecutorLauncher=
   Settingsxml=<RunSettings>
  <RunConfiguration>
    <ResultsDirectory>C:\Users\USER\Documents\Projects\DevTasks\tests\DevTasks.IntegrationTests\TestResults</ResultsDirectory>
    <TargetPlatform>X64</TargetPlatform>
    <TargetFrameworkVersion>.NETCoreApp,Version=v10.0</TargetFrameworkVersion>
    <TestAdaptersPaths>C:\Users\USER\.nuget\packages\coverlet.collector\6.0.4\build\netstandard2.0\</TestAdaptersPaths>
    <DesignMode>False</DesignMode>
    <CollectSourceInformation>False</CollectSourceInformation>
  </RunConfiguration>
  <LoggerRunSettings>
    <Loggers>
      <Logger friendlyName="Microsoft.TestPlatform.MSBuildLogger" assemblyQualifiedName="Microsoft.VisualStudio.TestPlatform.CommandLine.Internal.MSBuildLogger, vstest.console, Version=15.0.0.0, Culture=neutral, PublicKeyToken=b03f5f7f11d50a3a" codeBase="C:\Program Files\dotnet\sdk\10.0.300\vstest.console.dll" enabled="True">
        <Configuration>
          <Verbosity>minimal</Verbosity>
        </Configuration>
      </Logger>
    </Loggers>
  </LoggerRunSettings>
</RunSettings>

TpTrace Verbose: 0 : 24900, 2, 2026/08/23, 03:51:13.245, 2474923020632, vstest.console.dll, TestRunRequest.ExecuteAsync: Wait for the first run request is over.
TpTrace Verbose: 0 : 24900, 2, 2026/08/23, 03:51:13.246, 2474923024449, vstest.console.dll, MulticastDelegateUtilities.SafeInvoke: TestRun.TestRunStart: Invoking callbacks was skipped because there are no subscribers.
TpTrace Verbose: 0 : 24900, 2, 2026/08/23, 03:51:13.247, 2474923037182, vstest.console.dll, ParallelProxyExecutionManager: Start execution. Total sources: 1
TpTrace Verbose: 0 : 24900, 2, 2026/08/23, 03:51:13.247, 2474923041344, vstest.console.dll, ParallelOperationManager.StartWork: Starting adding 1 workloads.
TpTrace Verbose: 0 : 24900, 2, 2026/08/23, 03:51:13.247, 2474923042515, vstest.console.dll, ParallelOperationManager.ClearSlots: Clearing all slots. Slots should accept more work: True
TpTrace Verbose: 0 : 24900, 2, 2026/08/23, 03:51:13.248, 2474923043399, vstest.console.dll, ParallelOperationManager.SetOccupiedSlotCount: Setting slot counts AvailableSlotCount = 1, OccupiedSlotCount = 0.
TpTrace Verbose: 0 : 24900, 2, 2026/08/23, 03:51:13.248, 2474923043880, vstest.console.dll, Occupied slots:

TpTrace Verbose: 0 : 24900, 2, 2026/08/23, 03:51:13.249, 2474923058711, vstest.console.dll, TestHostManagerCallbacks.ctor: Forwarding output is enabled.
TpTrace Verbose: 0 : 24900, 2, 2026/08/23, 03:51:13.249, 2474923062832, vstest.console.dll, TestRequestSender is acting as server.
TpTrace Verbose: 0 : 24900, 2, 2026/08/23, 03:51:13.250, 2474923067107, vstest.console.dll, ParallelOperationManager.RunWorkInParallel: Adding 1 workload to slot, remaining workloads 0.
TpTrace Verbose: 0 : 24900, 2, 2026/08/23, 03:51:13.250, 2474923068271, vstest.console.dll, ParallelOperationManager.SetOccupiedSlotCount: Setting slot counts AvailableSlotCount = 0, OccupiedSlotCount = 1.
TpTrace Verbose: 0 : 24900, 2, 2026/08/23, 03:51:13.250, 2474923069688, vstest.console.dll, Occupied slots:
0: C:\Users\USER\Documents\Projects\DevTasks\tests\DevTasks.IntegrationTests\bin\Debug\net10.0\DevTasks.IntegrationTests.dll
TpTrace Verbose: 0 : 24900, 2, 2026/08/23, 03:51:13.252, 2474923085954, vstest.console.dll, ParallelOperationManager.RunWorkInParallel: Started host in slot number 0 for work (source): C:\Users\USER\Documents\Projects\DevTasks\tests\DevTasks.IntegrationTests\bin\Debug\net10.0\DevTasks.IntegrationTests.dll.
TpTrace Verbose: 0 : 24900, 2, 2026/08/23, 03:51:13.253, 2474923096460, vstest.console.dll, ParallelOperationManager.RunWorkInParallel: We started 1 work items, which is the max parallel level. Won't start more work.
TpTrace Verbose: 0 : 24900, 2, 2026/08/23, 03:51:13.253, 2474923097737, vstest.console.dll, ParallelOperationManager.RunWorkInParallel: We started 1 work items in here, returning True.
TpTrace Information: 0 : 24900, 2, 2026/08/23, 03:51:13.253, 2474923097999, vstest.console.dll, TestRunRequest.ExecuteAsync: Started.
TpTrace Verbose: 0 : 24900, 2, 2026/08/23, 03:51:13.253, 2474923098699, vstest.console.dll, TestRunRequest.WaitForCompletion: Waiting with timeout -1.
TpTrace Verbose: 0 : 24900, 5, 2026/08/23, 03:51:13.253, 2474923101284, vstest.console.dll, ParallelProxyExecutionManager.StartTestRunOnConcurrentManager: Initializing uninitialized client. Started clients: 0
TpTrace Verbose: 0 : 24900, 5, 2026/08/23, 03:51:13.253, 2474923101800, vstest.console.dll, ParallelProxyExecutionManager.StartTestRunOnConcurrentManager: Initializing test run. Started clients: 0
TpTrace Verbose: 0 : 24900, 5, 2026/08/23, 03:51:13.253, 2474923102569, vstest.console.dll, ProxyExecutionManager: Test host is always Lazy initialize.
TpTrace Verbose: 0 : 24900, 5, 2026/08/23, 03:51:13.254, 2474923104684, vstest.console.dll, TestRequestSender.InitializeCommunication: initialize communication. 
TpTrace Information: 0 : 24900, 5, 2026/08/23, 03:51:13.264, 2474923211219, vstest.console.dll, SocketServer.Start: Listening on endpoint : 127.0.0.1:60369
TpTrace Verbose: 0 : 24900, 5, 2026/08/23, 03:51:13.271, 2474923274798, vstest.console.dll, DotnetTestHostmanager.GetTestHostProcessStartInfo: Platform environment 'X64' target architecture 'X64' framework '.NETCoreApp,Version=v10.0' OS 'Windows'
TpTrace Verbose: 0 : 24900, 5, 2026/08/23, 03:51:13.271, 2474923276631, vstest.console.dll, DotnetTestHostmanager.LaunchTestHostAsync: VSTEST_DOTNET_ROOT_PATH=C:\Program Files\dotnet
TpTrace Verbose: 0 : 24900, 5, 2026/08/23, 03:51:13.271, 2474923276867, vstest.console.dll, DotnetTestHostmanager.LaunchTestHostAsync: VSTEST_DOTNET_ROOT_ARCHITECTURE=X64
TpTrace Verbose: 0 : 24900, 5, 2026/08/23, 03:51:13.272, 2474923289091, vstest.console.dll, DotnetTestHostManager.SetDotnetRootForArchitecture: Adding DOTNET_ROOT_X64=C:\Program Files\dotnet to testhost start info.
TpTrace Verbose: 0 : 24900, 5, 2026/08/23, 03:51:13.272, 2474923292829, vstest.console.dll, DotnetTestHostmanager: Adding  --runtimeconfig "C:\Users\USER\Documents\Projects\DevTasks\tests\DevTasks.IntegrationTests\bin\Debug\net10.0\DevTasks.IntegrationTests.runtimeconfig.json" in args
TpTrace Verbose: 0 : 24900, 5, 2026/08/23, 03:51:13.273, 2474923293850, vstest.console.dll, DotnetTestHostmanager: Adding  --depsfile "C:\Users\USER\Documents\Projects\DevTasks\tests\DevTasks.IntegrationTests\bin\Debug\net10.0\DevTasks.IntegrationTests.deps.json" in args
TpTrace Verbose: 0 : 24900, 5, 2026/08/23, 03:51:13.273, 2474923297492, vstest.console.dll, DotnetTestHostmanager.IsWinOnArm: Current PROCESSOR_ARCHITECTURE from environment variable 'AMD64'
TpTrace Verbose: 0 : 24900, 5, 2026/08/23, 03:51:13.273, 2474923298123, vstest.console.dll, DotnetTestHostmanager.IsWinOnArm: Is Windows on ARM 'False'
TpTrace Verbose: 0 : 24900, 5, 2026/08/23, 03:51:13.273, 2474923299170, vstest.console.dll, DotnetTestHostManager: testhost.exe found at path: C:\Users\USER\Documents\Projects\DevTasks\tests\DevTasks.IntegrationTests\bin\Debug\net10.0\testhost.exe
TpTrace Verbose: 0 : 24900, 5, 2026/08/23, 03:51:13.273, 2474923299789, vstest.console.dll, DotnetTestHostmanager: Full path of host exe is C:\Users\USER\Documents\Projects\DevTasks\tests\DevTasks.IntegrationTests\bin\Debug\net10.0\testhost.exe
TpTrace Verbose: 0 : 24900, 5, 2026/08/23, 03:51:13.277, 2474923338120, vstest.console.dll, DotnetTestHostManager: Starting process '0' with command line '1' and DOTNET environment: DOTNET_ROOT_X64=C:\Program Files\dotnet 
TpTrace Verbose: 0 : 24900, 5, 2026/08/23, 03:51:13.277, 2474923339527, vstest.console.dll, DotnetTestHostManager: Launching testhost with CreateNoWindow=True
TpTrace Verbose: 0 : 24900, 5, 2026/08/23, 03:51:13.292, 2474923487998, vstest.console.dll, Test Runtime launched
TpTrace Verbose: 0 : 24900, 5, 2026/08/23, 03:51:13.292, 2474923491975, vstest.console.dll, MulticastDelegateUtilities.SafeInvoke: HostProviderEvents.OnHostLaunched: Invoking callback 1/1 for Microsoft.VisualStudio.TestPlatform.CrossPlatEngine.Client.ProxyOperationManager., took 2 ms.
TpTrace Verbose: 0 : 24900, 5, 2026/08/23, 03:51:13.293, 2474923501002, vstest.console.dll, TestRequestSender.WaitForRequestHandlerConnection: waiting for connection with timeout: 90000.
TpTrace Verbose: 0 : 24900, 5, 2026/08/23, 03:51:13.499, 2474925555235, vstest.console.dll, TestRequestSender.WaitForRequestHandlerConnection: waiting took 205 ms, with timeout 90000 ms, and result 0, which is success.
TpTrace Verbose: 0 : 24900, 11, 2026/08/23, 03:51:13.499, 2474925555034, vstest.console.dll, MulticastDelegateUtilities.SafeInvoke: SocketServer: ClientConnected: Invoking callback 1/1 for Microsoft.VisualStudio.TestPlatform.CommunicationUtilities.TestRequestSender., took 0 ms.
TpTrace Verbose: 0 : 24900, 11, 2026/08/23, 03:51:13.499, 2474925558789, vstest.console.dll, SocketServer.OnClientConnected: Client connected for endPoint: 127.0.0.1:60369, starting MessageLoopAsync:
TpTrace Verbose: 0 : 24900, 7, 2026/08/23, 03:51:13.500, 2474925567265, vstest.console.dll, TcpClientExtensions.MessageLoopAsync: Polling on remoteEndPoint: 127.0.0.1:60370 localEndPoint: 127.0.0.1:60369 after 0 ms
TpTrace Verbose: 0 : 24900, 5, 2026/08/23, 03:51:13.545, 2474926019230, vstest.console.dll, TestRequestSender.CheckVersionWithTestHost: Sending check version message: {"MessageType":"ProtocolVersion","Payload":7}
TpTrace Verbose: 0 : 24900, 7, 2026/08/23, 03:51:13.685, 2474927422793, vstest.console.dll, TcpClientExtensions.MessageLoopAsync: NotifyDataAvailable remoteEndPoint: 127.0.0.1:60370 localEndPoint: 127.0.0.1:60369
TpTrace Verbose: 0 : 24900, 7, 2026/08/23, 03:51:13.686, 2474927429252, vstest.console.dll, TestRequestSender.CheckVersionWithTestHost: onMessageReceived received message: (ProtocolVersion) -> {"MessageType":"ProtocolVersion","Payload":7}
TpTrace Verbose: 0 : 24900, 7, 2026/08/23, 03:51:13.691, 2474927481221, vstest.console.dll, MulticastDelegateUtilities.SafeInvoke: LengthPrefixCommunicationChannel: MessageReceived: Invoking callback 1/1 for Microsoft.VisualStudio.TestPlatform.CommunicationUtilities.TestRequestSender+<>c__DisplayClass29_0., took 5 ms.
TpTrace Verbose: 0 : 24900, 5, 2026/08/23, 03:51:13.692, 2474927483535, vstest.console.dll, TestPluginCache.GetExtensionPaths: Filtered extension paths: 
TpTrace Verbose: 0 : 24900, 5, 2026/08/23, 03:51:13.692, 2474927484588, vstest.console.dll, TestPluginCache.GetExtensionPaths: Added default extension paths: C:\Program Files\dotnet\sdk\10.0.300\Extensions\Microsoft.Diagnostics.NETCore.Client.dll
C:\Program Files\dotnet\sdk\10.0.300\Extensions\Microsoft.TestPlatform.Extensions.BlameDataCollector.dll
C:\Program Files\dotnet\sdk\10.0.300\Extensions\Microsoft.TestPlatform.Extensions.EventLogCollector.dll
C:\Program Files\dotnet\sdk\10.0.300\Extensions\Microsoft.TestPlatform.TestHostRuntimeProvider.dll
C:\Program Files\dotnet\sdk\10.0.300\Extensions\Microsoft.VisualStudio.TestPlatform.Extensions.Html.TestLogger.dll
C:\Program Files\dotnet\sdk\10.0.300\Extensions\Microsoft.VisualStudio.TestPlatform.Extensions.Trx.TestLogger.dll
TpTrace Verbose: 0 : 24900, 5, 2026/08/23, 03:51:13.692, 2474927485045, vstest.console.dll, TestPluginCache.GetExtensionPaths: Added unfilterableExtensionPaths: 
TpTrace Verbose: 0 : 24900, 7, 2026/08/23, 03:51:13.692, 2474927483717, vstest.console.dll, TcpClientExtensions.MessageLoopAsync: Polling on remoteEndPoint: 127.0.0.1:60370 localEndPoint: 127.0.0.1:60369 after 191 ms
TpTrace Verbose: 0 : 24900, 7, 2026/08/23, 03:51:13.692, 2474927486123, vstest.console.dll, TcpClientExtensions.MessageLoopAsync: NotifyDataAvailable remoteEndPoint: 127.0.0.1:60370 localEndPoint: 127.0.0.1:60369
TpTrace Verbose: 0 : 24900, 5, 2026/08/23, 03:51:13.698, 2474927550225, vstest.console.dll, TestRequestSender.InitializeExecution: Sending initialize execution with message: {"Version":7,"MessageType":"TestExecution.Initialize","Payload":["C:\\Users\\USER\\Documents\\Projects\\DevTasks\\tests\\DevTasks.IntegrationTests\\bin\\Debug\\net10.0\\xunit.runner.visualstudio.testadapter.dll"]}
TpTrace Verbose: 0 : 24900, 5, 2026/08/23, 03:51:13.699, 2474927554393, vstest.console.dll, ParallelProxyExecutionManager.StartTestRunOnConcurrentManager: Execution starting. Started clients: 1
TpTrace Warning: 0 : 24900, 5, 2026/08/23, 03:51:13.699, 2474927559267, vstest.console.dll, InferRunSettingsHelper.MakeRunsettingsCompatible: Removing the following settings: TargetPlatform from RunSettings file. To use those settings please move to latest version of Microsoft.NET.Test.Sdk
TpTrace Verbose: 0 : 24900, 7, 2026/08/23, 03:51:13.700, 2474927568201, vstest.console.dll, TestRequestSender.OnExecutionMessageReceived: Received message: {"Version":7,"MessageType":"TestSession.Message","Payload":{"MessageLevel":0,"Message":"Logging TestHost Diagnostics in file: C:\\Users\\USER\\Documents\\Projects\\DevTasks\\diagnostics.host.26-08-23_03-51-13_27064_5.log"}}
TpTrace Verbose: 0 : 24900, 7, 2026/08/23, 03:51:13.704, 2474927608102, vstest.console.dll, TestRunRequest:SendTestRunMessage: Starting.
TpTrace Verbose: 0 : 24900, 7, 2026/08/23, 03:51:13.704, 2474927611700, vstest.console.dll, MulticastDelegateUtilities.SafeInvoke: TestRun.LogMessages: Invoking callback 1/1 for Microsoft.VisualStudio.TestPlatform.CommandLine.TestRunResultAggregator., took 0 ms.
TpTrace Information: 0 : 24900, 7, 2026/08/23, 03:51:13.704, 2474927612196, vstest.console.dll, TestRunRequest:SendTestRunMessage: Completed.
TpTrace Verbose: 0 : 24900, 7, 2026/08/23, 03:51:13.704, 2474927612495, vstest.console.dll, MulticastDelegateUtilities.SafeInvoke: LengthPrefixCommunicationChannel: MessageReceived: Invoking callback 1/1 for Microsoft.VisualStudio.TestPlatform.CommunicationUtilities.TestRequestSender+<>c__DisplayClass34_0., took 4 ms.
TpTrace Verbose: 0 : 24900, 7, 2026/08/23, 03:51:13.705, 2474927613021, vstest.console.dll, TcpClientExtensions.MessageLoopAsync: Polling on remoteEndPoint: 127.0.0.1:60370 localEndPoint: 127.0.0.1:60369 after 12 ms
TpTrace Verbose: 0 : 24900, 4, 2026/08/23, 03:51:13.705, 2474927618691, vstest.console.dll, MulticastDelegateUtilities.SafeInvoke: InternalTestLoggerEvents.SendTestRunMessage: Invoking callback 1/1 for Microsoft.VisualStudio.TestPlatform.CommandLine.Internal.MSBuildLogger., took 0 ms.
TpTrace Verbose: 0 : 24900, 5, 2026/08/23, 03:51:13.708, 2474927647646, vstest.console.dll, TestRequestSender.StartTestRun: Sending test run with message: {"Version":7,"MessageType":"TestExecution.StartWithSources","Payload":{"AdapterSourceMap":{"_none_":["C:\\Users\\USER\\Documents\\Projects\\DevTasks\\tests\\DevTasks.IntegrationTests\\bin\\Debug\\net10.0\\DevTasks.IntegrationTests.dll"]},"RunSettings":"<RunSettings>\r\n  <RunConfiguration>\r\n    <ResultsDirectory>C:\\Users\\USER\\Documents\\Projects\\DevTasks\\tests\\DevTasks.IntegrationTests\\TestResults</ResultsDirectory>\r\n    <TargetFrameworkVersion>.NETCoreApp,Version=v10.0</TargetFrameworkVersion>\r\n    <TestAdaptersPaths>C:\\Users\\USER\\.nuget\\packages\\coverlet.collector\\6.0.4\\build\\netstandard2.0\\</TestAdaptersPaths>\r\n    <DesignMode>False</DesignMode>\r\n    <CollectSourceInformation>False</CollectSourceInformation>\r\n  </RunConfiguration>\r\n  <LoggerRunSettings>\r\n    <Loggers>\r\n      <Logger friendlyName=\"Microsoft.TestPlatform.MSBuildLogger\" assemblyQualifiedName=\"Microsoft.VisualStudio.TestPlatform.CommandLine.Internal.MSBuildLogger, vstest.console, Version=15.0.0.0, Culture=neutral, PublicKeyToken=b03f5f7f11d50a3a\" codeBase=\"C:\\Program Files\\dotnet\\sdk\\10.0.300\\vstest.console.dll\" enabled=\"True\">\r\n        <Configuration>\r\n          <Verbosity>minimal</Verbosity>\r\n        </Configuration>\r\n      </Logger>\r\n    </Loggers>\r\n  </LoggerRunSettings>\r\n</RunSettings>","TestExecutionContext":{"FrequencyOfRunStatsChangeEvent":10,"RunStatsChangeEventTimeout":"00:00:01.5000000","InIsolation":false,"KeepAlive":false,"AreTestCaseLevelEventsRequired":false,"IsDebug":false,"TestCaseFilter":null,"FilterOptions":null},"Package":null}}
TpTrace Verbose: 0 : 24900, 5, 2026/08/23, 03:51:13.708, 2474927650117, vstest.console.dll, ParallelProxyExecutionManager.StartTestRunOnConcurrentManager: Execution started. Started clients: 1
TpTrace Verbose: 0 : 24900, 7, 2026/08/23, 03:51:13.897, 2474929537264, vstest.console.dll, TcpClientExtensions.MessageLoopAsync: NotifyDataAvailable remoteEndPoint: 127.0.0.1:60370 localEndPoint: 127.0.0.1:60369
TpTrace Verbose: 0 : 24900, 7, 2026/08/23, 03:51:13.897, 2474929540000, vstest.console.dll, TestRequestSender.OnExecutionMessageReceived: Received message: {"Version":7,"MessageType":"TestSession.Message","Payload":{"MessageLevel":0,"Message":"[xUnit.net 00:00:00.00] xUnit.net VSTest Adapter v3.1.4+50e68bbb8b (64-bit .NET 10.0.8)"}}
TpTrace Verbose: 0 : 24900, 7, 2026/08/23, 03:51:13.897, 2474929542617, vstest.console.dll, TestRunRequest:SendTestRunMessage: Starting.
TpTrace Verbose: 0 : 24900, 7, 2026/08/23, 03:51:13.898, 2474929543388, vstest.console.dll, MulticastDelegateUtilities.SafeInvoke: TestRun.LogMessages: Invoking callback 1/1 for Microsoft.VisualStudio.TestPlatform.CommandLine.TestRunResultAggregator., took 0 ms.
TpTrace Information: 0 : 24900, 7, 2026/08/23, 03:51:13.898, 2474929543690, vstest.console.dll, TestRunRequest:SendTestRunMessage: Completed.
TpTrace Verbose: 0 : 24900, 7, 2026/08/23, 03:51:13.898, 2474929544138, vstest.console.dll, MulticastDelegateUtilities.SafeInvoke: LengthPrefixCommunicationChannel: MessageReceived: Invoking callback 1/1 for Microsoft.VisualStudio.TestPlatform.CommunicationUtilities.TestRequestSender+<>c__DisplayClass34_0., took 0 ms.
TpTrace Verbose: 0 : 24900, 7, 2026/08/23, 03:51:13.898, 2474929544384, vstest.console.dll, TcpClientExtensions.MessageLoopAsync: Polling on remoteEndPoint: 127.0.0.1:60370 localEndPoint: 127.0.0.1:60369 after 193 ms
TpTrace Verbose: 0 : 24900, 4, 2026/08/23, 03:51:13.898, 2474929545563, vstest.console.dll, MulticastDelegateUtilities.SafeInvoke: InternalTestLoggerEvents.SendTestRunMessage: Invoking callback 1/1 for Microsoft.VisualStudio.TestPlatform.CommandLine.Internal.MSBuildLogger., took 0 ms.
TpTrace Verbose: 0 : 24900, 7, 2026/08/23, 03:51:13.994, 2474930509527, vstest.console.dll, TcpClientExtensions.MessageLoopAsync: NotifyDataAvailable remoteEndPoint: 127.0.0.1:60370 localEndPoint: 127.0.0.1:60369
TpTrace Verbose: 0 : 24900, 7, 2026/08/23, 03:51:13.994, 2474930512556, vstest.console.dll, TestRequestSender.OnExecutionMessageReceived: Received message: {"Version":7,"MessageType":"TestSession.Message","Payload":{"MessageLevel":0,"Message":"[xUnit.net 00:00:00.10]   Discovering: DevTasks.IntegrationTests"}}
TpTrace Verbose: 0 : 24900, 7, 2026/08/23, 03:51:13.995, 2474930514508, vstest.console.dll, TestRunRequest:SendTestRunMessage: Starting.
TpTrace Verbose: 0 : 24900, 7, 2026/08/23, 03:51:13.995, 2474930515423, vstest.console.dll, MulticastDelegateUtilities.SafeInvoke: TestRun.LogMessages: Invoking callback 1/1 for Microsoft.VisualStudio.TestPlatform.CommandLine.TestRunResultAggregator., took 0 ms.
TpTrace Information: 0 : 24900, 7, 2026/08/23, 03:51:13.995, 2474930515880, vstest.console.dll, TestRunRequest:SendTestRunMessage: Completed.
TpTrace Verbose: 0 : 24900, 7, 2026/08/23, 03:51:13.995, 2474930516452, vstest.console.dll, MulticastDelegateUtilities.SafeInvoke: LengthPrefixCommunicationChannel: MessageReceived: Invoking callback 1/1 for Microsoft.VisualStudio.TestPlatform.CommunicationUtilities.TestRequestSender+<>c__DisplayClass34_0., took 0 ms.
TpTrace Verbose: 0 : 24900, 7, 2026/08/23, 03:51:13.995, 2474930517210, vstest.console.dll, TcpClientExtensions.MessageLoopAsync: Polling on remoteEndPoint: 127.0.0.1:60370 localEndPoint: 127.0.0.1:60369 after 97 ms
TpTrace Verbose: 0 : 24900, 4, 2026/08/23, 03:51:13.995, 2474930516813, vstest.console.dll, MulticastDelegateUtilities.SafeInvoke: InternalTestLoggerEvents.SendTestRunMessage: Invoking callback 1/1 for Microsoft.VisualStudio.TestPlatform.CommandLine.Internal.MSBuildLogger., took 0 ms.
TpTrace Verbose: 0 : 24900, 7, 2026/08/23, 03:51:14.005, 2474930621153, vstest.console.dll, TcpClientExtensions.MessageLoopAsync: NotifyDataAvailable remoteEndPoint: 127.0.0.1:60370 localEndPoint: 127.0.0.1:60369
TpTrace Verbose: 0 : 24900, 7, 2026/08/23, 03:51:14.006, 2474930622858, vstest.console.dll, TestRequestSender.OnExecutionMessageReceived: Received message: {"Version":7,"MessageType":"TestSession.Message","Payload":{"MessageLevel":0,"Message":"[xUnit.net 00:00:00.11]   Discovered:  DevTasks.IntegrationTests"}}
TpTrace Verbose: 0 : 24900, 7, 2026/08/23, 03:51:14.006, 2474930623832, vstest.console.dll, TestRunRequest:SendTestRunMessage: Starting.
TpTrace Verbose: 0 : 24900, 7, 2026/08/23, 03:51:14.006, 2474930624255, vstest.console.dll, MulticastDelegateUtilities.SafeInvoke: TestRun.LogMessages: Invoking callback 1/1 for Microsoft.VisualStudio.TestPlatform.CommandLine.TestRunResultAggregator., took 0 ms.
TpTrace Information: 0 : 24900, 7, 2026/08/23, 03:51:14.006, 2474930624483, vstest.console.dll, TestRunRequest:SendTestRunMessage: Completed.
TpTrace Verbose: 0 : 24900, 7, 2026/08/23, 03:51:14.006, 2474930624692, vstest.console.dll, MulticastDelegateUtilities.SafeInvoke: LengthPrefixCommunicationChannel: MessageReceived: Invoking callback 1/1 for Microsoft.VisualStudio.TestPlatform.CommunicationUtilities.TestRequestSender+<>c__DisplayClass34_0., took 0 ms.
TpTrace Verbose: 0 : 24900, 7, 2026/08/23, 03:51:14.006, 2474930624908, vstest.console.dll, TcpClientExtensions.MessageLoopAsync: Polling on remoteEndPoint: 127.0.0.1:60370 localEndPoint: 127.0.0.1:60369 after 10 ms
TpTrace Verbose: 0 : 24900, 4, 2026/08/23, 03:51:14.006, 2474930625379, vstest.console.dll, MulticastDelegateUtilities.SafeInvoke: InternalTestLoggerEvents.SendTestRunMessage: Invoking callback 1/1 for Microsoft.VisualStudio.TestPlatform.CommandLine.Internal.MSBuildLogger., took 0 ms.
TpTrace Verbose: 0 : 24900, 7, 2026/08/23, 03:51:14.012, 2474930682919, vstest.console.dll, TcpClientExtensions.MessageLoopAsync: NotifyDataAvailable remoteEndPoint: 127.0.0.1:60370 localEndPoint: 127.0.0.1:60369
TpTrace Verbose: 0 : 24900, 7, 2026/08/23, 03:51:14.012, 2474930684705, vstest.console.dll, TestRequestSender.OnExecutionMessageReceived: Received message: {"Version":7,"MessageType":"TestSession.Message","Payload":{"MessageLevel":1,"Message":"No test is available in C:\\Users\\USER\\Documents\\Projects\\DevTasks\\tests\\DevTasks.IntegrationTests\\bin\\Debug\\net10.0\\DevTasks.IntegrationTests.dll. Make sure that test discoverer & executors are registered and platform & framework version settings are appropriate and try again."}}
TpTrace Verbose: 0 : 24900, 7, 2026/08/23, 03:51:14.012, 2474930685671, vstest.console.dll, TestRunRequest:SendTestRunMessage: Starting.
TpTrace Verbose: 0 : 24900, 7, 2026/08/23, 03:51:14.012, 2474930686156, vstest.console.dll, MulticastDelegateUtilities.SafeInvoke: TestRun.LogMessages: Invoking callback 1/1 for Microsoft.VisualStudio.TestPlatform.CommandLine.TestRunResultAggregator., took 0 ms.
TpTrace Information: 0 : 24900, 7, 2026/08/23, 03:51:14.012, 2474930686368, vstest.console.dll, TestRunRequest:SendTestRunMessage: Completed.
TpTrace Verbose: 0 : 24900, 7, 2026/08/23, 03:51:14.012, 2474930686557, vstest.console.dll, MulticastDelegateUtilities.SafeInvoke: LengthPrefixCommunicationChannel: MessageReceived: Invoking callback 1/1 for Microsoft.VisualStudio.TestPlatform.CommunicationUtilities.TestRequestSender+<>c__DisplayClass34_0., took 0 ms.
TpTrace Verbose: 0 : 24900, 7, 2026/08/23, 03:51:14.012, 2474930686903, vstest.console.dll, TcpClientExtensions.MessageLoopAsync: Polling on remoteEndPoint: 127.0.0.1:60370 localEndPoint: 127.0.0.1:60369 after 6 ms
TpTrace Verbose: 0 : 24900, 4, 2026/08/23, 03:51:14.012, 2474930687716, vstest.console.dll, MulticastDelegateUtilities.SafeInvoke: InternalTestLoggerEvents.SendTestRunMessage: Invoking callback 1/1 for Microsoft.VisualStudio.TestPlatform.CommandLine.Internal.MSBuildLogger., took 0 ms.
TpTrace Verbose: 0 : 24900, 7, 2026/08/23, 03:51:14.036, 2474930925071, vstest.console.dll, TcpClientExtensions.MessageLoopAsync: NotifyDataAvailable remoteEndPoint: 127.0.0.1:60370 localEndPoint: 127.0.0.1:60369
TpTrace Verbose: 0 : 24900, 7, 2026/08/23, 03:51:14.036, 2474930926977, vstest.console.dll, TestRequestSender.OnExecutionMessageReceived: Received message: {"Version":7,"MessageType":"TestExecution.Completed","Payload":{"TestRunCompleteArgs":{"TestRunStatistics":{"ExecutedTests":0,"Stats":{}},"IsCanceled":false,"IsAborted":false,"Error":null,"AttachmentSets":[],"InvokedDataCollectors":[],"ElapsedTimeInRunningTests":"00:00:00.1253726","Metrics":{},"DiscoveredExtensions":{"TestDiscoverers":["Xunit.Runner.VisualStudio.VsTestRunner, xunit.runner.visualstudio.testadapter, Version=3.1.4.0, Culture=neutral, PublicKeyToken=null"],"TestExecutors":["executor://xunit/VsTestRunner3/netcore/"],"TestExecutors2":[],"TestSettingsProviders":[]}},"LastRunTests":{"NewTestResults":[],"TestRunStatistics":{"ExecutedTests":0,"Stats":{}},"ActiveTests":[]},"RunAttachments":[],"ExecutorUris":[]}}
TpTrace Verbose: 0 : 24900, 7, 2026/08/23, 03:51:14.036, 2474930928476, vstest.console.dll, TestRequestSender.EndSession: Sending end session.
TpTrace Verbose: 0 : 24900, 7, 2026/08/23, 03:51:14.036, 2474930931963, vstest.console.dll, ProxyOperationManager.Close: waiting for test host to exit for 100 ms
TpTrace Warning: 0 : 24900, 12, 2026/08/23, 03:51:14.063, 2474931196354, vstest.console.dll, TestHostManagerCallbacks.ErrorReceivedCallback Test host standard error line: 
TpTrace Verbose: 0 : 24900, 13, 2026/08/23, 03:51:14.063, 2474931196354, vstest.console.dll, TestHostManagerCallbacks.StandardOutputReceivedCallback Test host standard output line: 
TpTrace Verbose: 0 : 24900, 13, 2026/08/23, 03:51:14.075, 2474931315399, vstest.console.dll, TestHostProvider.ExitCallBack: Host exited starting callback.
TpTrace Information: 0 : 24900, 13, 2026/08/23, 03:51:14.075, 2474931317312, vstest.console.dll, TestHostManagerCallbacks.ExitCallBack: Testhost processId: 39012 exited with exitcode: 0 error: ''
TpTrace Verbose: 0 : 24900, 13, 2026/08/23, 03:51:14.075, 2474931317589, vstest.console.dll, DotnetTestHostManager.OnHostExited: invoking OnHostExited callback
TpTrace Verbose: 0 : 24900, 13, 2026/08/23, 03:51:14.075, 2474931320604, vstest.console.dll, CrossPlatEngine.TestHostManagerHostExited: calling on client process exit callback.
TpTrace Information: 0 : 24900, 13, 2026/08/23, 03:51:14.075, 2474931321417, vstest.console.dll, TestRequestSender.OnClientProcessExit: Test host process exited. Standard error: 
TpTrace Information: 0 : 24900, 13, 2026/08/23, 03:51:14.075, 2474931321722, vstest.console.dll, SocketServer.Stop: Stop server endPoint: 127.0.0.1:60369
TpTrace Information: 0 : 24900, 13, 2026/08/23, 03:51:14.075, 2474931321899, vstest.console.dll, SocketServer.Stop: Cancellation requested. Stopping message loop.
TpTrace Information: 0 : 24900, 7, 2026/08/23, 03:51:14.075, 2474931322662, vstest.console.dll, SocketServer.Stop: Stop server endPoint: 127.0.0.1:60369
TpTrace Information: 0 : 24900, 7, 2026/08/23, 03:51:14.076, 2474931324162, vstest.console.dll, SocketServer.Stop: Cancellation requested. Stopping message loop.
TpTrace Verbose: 0 : 24900, 13, 2026/08/23, 03:51:14.076, 2474931322876, vstest.console.dll, MulticastDelegateUtilities.SafeInvoke: HostProviderEvents.OnHostExited: Invoking callback 1/1 for Microsoft.VisualStudio.TestPlatform.CrossPlatEngine.Client.ProxyOperationManager., took 0 ms.
TpTrace Information: 0 : 24900, 7, 2026/08/23, 03:51:14.076, 2474931325687, vstest.console.dll, Closing the connection
TpTrace Verbose: 0 : 24900, 7, 2026/08/23, 03:51:14.099, 2474931562716, vstest.console.dll, ParallelRunEventsHandler.HandleTestRunComplete: Handling a run completion, this can be either one part of parallel run completing, or the whole parallel run completing.
TpTrace Verbose: 0 : 24900, 7, 2026/08/23, 03:51:14.103, 2474931596186, vstest.console.dll, TestRunRequest:SendTestRunStatsChange: Starting.
TpTrace Verbose: 0 : 24900, 7, 2026/08/23, 03:51:14.103, 2474931598014, vstest.console.dll, MulticastDelegateUtilities.SafeInvoke: TestRun.RunStatsChanged: Invoking callbacks was skipped because there are no subscribers.
TpTrace Information: 0 : 24900, 7, 2026/08/23, 03:51:14.103, 2474931598272, vstest.console.dll, TestRunRequest:SendTestRunStatsChange: Completed.
TpTrace Verbose: 0 : 24900, 7, 2026/08/23, 03:51:14.103, 2474931601866, vstest.console.dll, ParallelProxyExecutionManager: HandlePartialRunComplete: Total workloads = 1, Total started clients = 1 Total completed clients = 1, Run complete = True, Run canceled: False.
TpTrace Verbose: 0 : 24900, 7, 2026/08/23, 03:51:14.103, 2474931602295, vstest.console.dll, ParallelProxyExecutionManager: HandlePartialRunComplete: All runs completed stopping all managers.
TpTrace Verbose: 0 : 24900, 7, 2026/08/23, 03:51:14.103, 2474931602632, vstest.console.dll, ParallelOperationManager.StopAllManagers: Stopping all managers.
TpTrace Verbose: 0 : 24900, 7, 2026/08/23, 03:51:14.103, 2474931602846, vstest.console.dll, ParallelOperationManager.ClearSlots: Clearing all slots. Slots should accept more work: False
TpTrace Verbose: 0 : 24900, 7, 2026/08/23, 03:51:14.104, 2474931603145, vstest.console.dll, ParallelOperationManager.SetOccupiedSlotCount: Setting slot counts AvailableSlotCount = 1, OccupiedSlotCount = 0.
TpTrace Verbose: 0 : 24900, 7, 2026/08/23, 03:51:14.104, 2474931603438, vstest.console.dll, Occupied slots:

TpTrace Verbose: 0 : 24900, 7, 2026/08/23, 03:51:14.104, 2474931603620, vstest.console.dll, ParallelRunEventsHandler.HandleTestRunComplete: Whole parallel run completed.
TpTrace Verbose: 0 : 24900, 4, 2026/08/23, 03:51:14.108, 2474931652042, vstest.console.dll, MulticastDelegateUtilities.SafeInvoke: InternalTestLoggerEvents.SendTestRunComplete: Invoking callback 1/1 for Microsoft.VisualStudio.TestPlatform.CommandLine.Internal.MSBuildLogger., took 1 ms.
TpTrace Verbose: 0 : 24900, 7, 2026/08/23, 03:51:14.109, 2474931659130, vstest.console.dll, TestRunRequest:TestRunComplete: Starting. IsAborted:False IsCanceled:False.
TpTrace Verbose: 0 : 24900, 7, 2026/08/23, 03:51:14.110, 2474931664242, vstest.console.dll, ParallelOperationManager.DoActionOnAllManagers: Calling an action on all managers.
TpTrace Verbose: 0 : 24900, 7, 2026/08/23, 03:51:14.112, 2474931684535, vstest.console.dll, TestLoggerManager.HandleTestRunComplete: Ignoring as the object is disposed.
TpTrace Verbose: 0 : 24900, 7, 2026/08/23, 03:51:14.112, 2474931688101, vstest.console.dll, MulticastDelegateUtilities.SafeInvoke: TestRun.TestRunComplete: Invoking callback 1/2 for Microsoft.VisualStudio.TestPlatform.CommandLine.TestRunResultAggregator., took 0 ms.
TpTrace Verbose: 0 : 24900, 7, 2026/08/23, 03:51:14.112, 2474931689361, vstest.console.dll, MulticastDelegateUtilities.SafeInvoke: TestRun.TestRunComplete: Invoking callback 2/2 for Microsoft.VisualStudio.TestPlatform.CommandLine.Processors.RunTestsArgumentExecutor+TestRunRequestEventsRegistrar., took 0 ms.
TpTrace Verbose: 0 : 24900, 2, 2026/08/23, 03:51:14.112, 2474931690574, vstest.console.dll, TestRunRequest.Dispose: Starting.
TpTrace Information: 0 : 24900, 7, 2026/08/23, 03:51:14.113, 2474931693160, vstest.console.dll, TestRunRequest:TestRunComplete: Completed.
TpTrace Verbose: 0 : 24900, 7, 2026/08/23, 03:51:14.113, 2474931693765, vstest.console.dll, TestRequestSender.SetOperationComplete: Setting operation complete.
TpTrace Information: 0 : 24900, 7, 2026/08/23, 03:51:14.113, 2474931694049, vstest.console.dll, SocketServer.Stop: Stop server endPoint: 127.0.0.1:60369
TpTrace Information: 0 : 24900, 2, 2026/08/23, 03:51:14.113, 2474931693895, vstest.console.dll, TestRunRequest.Dispose: Completed.
TpTrace Information: 0 : 24900, 7, 2026/08/23, 03:51:14.113, 2474931694246, vstest.console.dll, SocketServer.Stop: Cancellation requested. Stopping message loop.
TpTrace Information: 0 : 24900, 2, 2026/08/23, 03:51:14.113, 2474931694727, vstest.console.dll, TestRequestManager.RunTests: run tests completed.
TpTrace Verbose: 0 : 24900, 7, 2026/08/23, 03:51:14.113, 2474931695297, vstest.console.dll, MulticastDelegateUtilities.SafeInvoke: LengthPrefixCommunicationChannel: MessageReceived: Invoking callback 1/1 for Microsoft.VisualStudio.TestPlatform.CommunicationUtilities.TestRequestSender+<>c__DisplayClass34_0., took 76 ms.
TpTrace Information: 0 : 24900, 2, 2026/08/23, 03:51:14.113, 2474931695935, vstest.console.dll, RunTestsArgumentProcessor:Execute: Test run is completed.
TpTrace Information: 0 : 24900, 7, 2026/08/23, 03:51:14.113, 2474931696093, vstest.console.dll, SocketServer.PrivateStop: Stopping server endPoint: 127.0.0.1:60369 error: 
TpTrace Verbose: 0 : 24900, 2, 2026/08/23, 03:51:14.113, 2474931697648, vstest.console.dll, Executor.Execute: Exiting with exit code of 0
TpTrace Verbose: 0 : 24900, 7, 2026/08/23, 03:51:14.113, 2474931702786, vstest.console.dll, LengthPrefixCommunicationChannel.Dispose: Dispose reader and writer.
TpTrace Verbose: 0 : 15516, 2, 2026/08/23, 23:48:37.024, 3193456606801, vstest.console.dll, Version: 18.6.0-release-26230-102 Current process architecture: X64
TpTrace Verbose: 0 : 15516, 2, 2026/08/23, 23:48:37.029, 3193456656003, vstest.console.dll, Runtime location: C:\Program Files\dotnet\shared\Microsoft.NETCore.App\10.0.8
TpTrace Information: 0 : 15516, 2, 2026/08/23, 23:48:37.036, 3193456726944, vstest.console.dll, Using .Net Framework version:.NETCoreApp,Version=v10.0
TpTrace Verbose: 0 : 15516, 2, 2026/08/23, 23:48:37.036, 3193456728499, vstest.console.dll, ArtifactProcessingPostProcessModeProcessorExecutor.Initialize: ArtifactProcessingMode.Collect
TpTrace Verbose: 0 : 15516, 2, 2026/08/23, 23:48:37.036, 3193456729007, vstest.console.dll, TestSessionCorrelationIdProcessorModeProcessorExecutor.Initialize: TestSessionCorrelationId '23288_419cee7f-2a42-4f14-9e3b-2eda9770acc7'
TpTrace Information: 0 : 15516, 2, 2026/08/23, 23:48:37.047, 3193456829962, vstest.console.dll, FilePatternParser: The given file C:\Users\USER\Documents\Projects\DevTasks\tests\DevTasks.IntegrationTests\bin\Debug\net10.0\DevTasks.IntegrationTests.dll is a full path.
TpTrace Verbose: 0 : 15516, 2, 2026/08/23, 23:48:37.064, 3193456999863, vstest.console.dll, TestPluginCache.DiscoverTestExtensions: finding test extensions in assemblies ends with: RuntimeProvider.dll TPluginInfo: Microsoft.VisualStudio.TestPlatform.Common.ExtensionFramework.Utilities.TestRuntimePluginInformation TExtension: Microsoft.VisualStudio.TestPlatform.ObjectModel.Host.ITestRuntimeProvider
TpTrace Verbose: 0 : 15516, 2, 2026/08/23, 23:48:37.064, 3193457004079, vstest.console.dll, TestPluginCache.GetExtensionPaths: Filtered extension paths: 
TpTrace Verbose: 0 : 15516, 2, 2026/08/23, 23:48:37.064, 3193457005164, vstest.console.dll, TestPluginCache.GetExtensionPaths: Added default extension paths: C:\Program Files\dotnet\sdk\10.0.300\Extensions\Microsoft.Diagnostics.NETCore.Client.dll
C:\Program Files\dotnet\sdk\10.0.300\Extensions\Microsoft.TestPlatform.Extensions.BlameDataCollector.dll
C:\Program Files\dotnet\sdk\10.0.300\Extensions\Microsoft.TestPlatform.Extensions.EventLogCollector.dll
C:\Program Files\dotnet\sdk\10.0.300\Extensions\Microsoft.TestPlatform.TestHostRuntimeProvider.dll
C:\Program Files\dotnet\sdk\10.0.300\Extensions\Microsoft.VisualStudio.TestPlatform.Extensions.Html.TestLogger.dll
C:\Program Files\dotnet\sdk\10.0.300\Extensions\Microsoft.VisualStudio.TestPlatform.Extensions.Trx.TestLogger.dll
TpTrace Verbose: 0 : 15516, 2, 2026/08/23, 23:48:37.064, 3193457006220, vstest.console.dll, TestPluginCache.GetExtensionPaths: Added unfilterableExtensionPaths: 
TpTrace Information: 0 : 15516, 2, 2026/08/23, 23:48:37.065, 3193457015578, vstest.console.dll, AssemblyResolver.ctor: Creating AssemblyResolver with searchDirectories C:\Program Files\dotnet\sdk\10.0.300\Extensions,C:\Program Files\dotnet\sdk\10.0.300
TpTrace Verbose: 0 : 15516, 2, 2026/08/23, 23:48:37.067, 3193457029418, vstest.console.dll, TestPluginCache.DiscoverTestExtensions: Discovering the extensions using extension path.
TpTrace Verbose: 0 : 15516, 2, 2026/08/23, 23:48:37.067, 3193457033710, vstest.console.dll, TestPluginCache.GetExtensionPaths: Filtered extension paths: 
TpTrace Verbose: 0 : 15516, 2, 2026/08/23, 23:48:37.067, 3193457034493, vstest.console.dll, TestPluginCache.GetExtensionPaths: Added default extension paths: C:\Program Files\dotnet\sdk\10.0.300\Extensions\Microsoft.Diagnostics.NETCore.Client.dll
C:\Program Files\dotnet\sdk\10.0.300\Extensions\Microsoft.TestPlatform.Extensions.BlameDataCollector.dll
C:\Program Files\dotnet\sdk\10.0.300\Extensions\Microsoft.TestPlatform.Extensions.EventLogCollector.dll
C:\Program Files\dotnet\sdk\10.0.300\Extensions\Microsoft.TestPlatform.TestHostRuntimeProvider.dll
C:\Program Files\dotnet\sdk\10.0.300\Extensions\Microsoft.VisualStudio.TestPlatform.Extensions.Html.TestLogger.dll
C:\Program Files\dotnet\sdk\10.0.300\Extensions\Microsoft.VisualStudio.TestPlatform.Extensions.Trx.TestLogger.dll
TpTrace Verbose: 0 : 15516, 2, 2026/08/23, 23:48:37.067, 3193457034909, vstest.console.dll, TestPluginCache.GetExtensionPaths: Added unfilterableExtensionPaths: 
TpTrace Verbose: 0 : 15516, 2, 2026/08/23, 23:48:37.067, 3193457035703, vstest.console.dll, TestPluginCache.DiscoverTestExtensions: Discovering the extensions using allExtensionPaths: C:\Program Files\dotnet\sdk\10.0.300\Extensions\Microsoft.Diagnostics.NETCore.Client.dll
C:\Program Files\dotnet\sdk\10.0.300\Extensions\Microsoft.TestPlatform.Extensions.BlameDataCollector.dll
C:\Program Files\dotnet\sdk\10.0.300\Extensions\Microsoft.TestPlatform.Extensions.EventLogCollector.dll
C:\Program Files\dotnet\sdk\10.0.300\Extensions\Microsoft.TestPlatform.TestHostRuntimeProvider.dll
C:\Program Files\dotnet\sdk\10.0.300\Extensions\Microsoft.VisualStudio.TestPlatform.Extensions.Html.TestLogger.dll
C:\Program Files\dotnet\sdk\10.0.300\Extensions\Microsoft.VisualStudio.TestPlatform.Extensions.Trx.TestLogger.dll
TpTrace Information: 0 : 15516, 2, 2026/08/23, 23:48:37.067, 3193457037113, vstest.console.dll, AssemblyResolver.AddSearchDirectories: Adding more searchDirectories C:\Program Files\dotnet\sdk\10.0.300\Extensions,C:\Program Files\dotnet\sdk\10.0.300
TpTrace Information: 0 : 15516, 2, 2026/08/23, 23:48:37.067, 3193457037718, vstest.console.dll, AssemblyResolver.AddSearchDirectories: Adding more searchDirectories C:\Program Files\dotnet\sdk\10.0.300\Extensions,C:\Program Files\dotnet\sdk\10.0.300
TpTrace Information: 0 : 15516, 2, 2026/08/23, 23:48:37.067, 3193457038000, vstest.console.dll, AssemblyResolver.AddSearchDirectories: Adding more searchDirectories C:\Program Files\dotnet\sdk\10.0.300\Extensions,C:\Program Files\dotnet\sdk\10.0.300
TpTrace Information: 0 : 15516, 2, 2026/08/23, 23:48:37.067, 3193457038305, vstest.console.dll, AssemblyResolver.AddSearchDirectories: Adding more searchDirectories C:\Program Files\dotnet\sdk\10.0.300\Extensions,C:\Program Files\dotnet\sdk\10.0.300
TpTrace Information: 0 : 15516, 2, 2026/08/23, 23:48:37.067, 3193457038580, vstest.console.dll, AssemblyResolver.AddSearchDirectories: Adding more searchDirectories C:\Program Files\dotnet\sdk\10.0.300\Extensions,C:\Program Files\dotnet\sdk\10.0.300
TpTrace Information: 0 : 15516, 2, 2026/08/23, 23:48:37.067, 3193457038802, vstest.console.dll, AssemblyResolver.AddSearchDirectories: Adding more searchDirectories C:\Program Files\dotnet\sdk\10.0.300\Extensions,C:\Program Files\dotnet\sdk\10.0.300
TpTrace Information: 0 : 15516, 2, 2026/08/23, 23:48:37.068, 3193457048085, vstest.console.dll, AssemblyResolver.OnResolve: Microsoft.Diagnostics.NETCore.Client: Resolving assembly.
TpTrace Information: 0 : 15516, 2, 2026/08/23, 23:48:37.069, 3193457049983, vstest.console.dll, AssemblyResolver.OnResolve: Microsoft.Diagnostics.NETCore.Client: Searching in: 'C:\Program Files\dotnet\sdk\10.0.300\Extensions'.
TpTrace Information: 0 : 15516, 2, 2026/08/23, 23:48:37.081, 3193457179174, vstest.console.dll, AssemblyResolver.OnResolve: Microsoft.Diagnostics.NETCore.Client: Loading assembly 'C:\Program Files\dotnet\sdk\10.0.300\Extensions\Microsoft.Diagnostics.NETCore.Client.dll'.
TpTrace Information: 0 : 15516, 2, 2026/08/23, 23:48:37.085, 3193457216802, vstest.console.dll, AssemblyResolver.TrackProvidedDependency: Resolved 'Microsoft.Diagnostics.NETCore.Client' from 'C:\Program Files\dotnet\sdk\10.0.300\Extensions' for 'unknown'.
TpTrace Information: 0 : 15516, 2, 2026/08/23, 23:48:37.085, 3193457218597, vstest.console.dll, AssemblyResolver.OnResolve: Resolved assembly: Microsoft.Diagnostics.NETCore.Client, from path: C:\Program Files\dotnet\sdk\10.0.300\Extensions\Microsoft.Diagnostics.NETCore.Client.dll
TpTrace Verbose: 0 : 15516, 2, 2026/08/23, 23:48:37.086, 3193457227152, vstest.console.dll, MetadataReaderExtensionsHelper: Discovering extensions inside assembly 'Microsoft.Diagnostics.NETCore.Client, Version=0.2.14.23102, Culture=neutral, PublicKeyToken=31bf3856ad364e35' file path 'C:\Program Files\dotnet\sdk\10.0.300\Extensions\Microsoft.Diagnostics.NETCore.Client.dll'
TpTrace Information: 0 : 15516, 2, 2026/08/23, 23:48:37.091, 3193457270429, vstest.console.dll, AssemblyResolver.OnResolve: Microsoft.Bcl.AsyncInterfaces: Resolving assembly.
TpTrace Information: 0 : 15516, 2, 2026/08/23, 23:48:37.091, 3193457272830, vstest.console.dll, AssemblyResolver.OnResolve: Microsoft.Bcl.AsyncInterfaces: Searching in: 'C:\Program Files\dotnet\sdk\10.0.300\Extensions'.
TpTrace Information: 0 : 15516, 2, 2026/08/23, 23:48:37.091, 3193457274849, vstest.console.dll, AssemblyResolver.OnResolve: Microsoft.Bcl.AsyncInterfaces: Assembly path does not exist: 'C:\Program Files\dotnet\sdk\10.0.300\Extensions\Microsoft.Bcl.AsyncInterfaces.dll', returning.
TpTrace Information: 0 : 15516, 2, 2026/08/23, 23:48:37.091, 3193457275839, vstest.console.dll, AssemblyResolver.OnResolve: Microsoft.Bcl.AsyncInterfaces: Assembly path does not exist: 'C:\Program Files\dotnet\sdk\10.0.300\Extensions\Microsoft.Bcl.AsyncInterfaces.exe', returning.
TpTrace Information: 0 : 15516, 2, 2026/08/23, 23:48:37.091, 3193457276296, vstest.console.dll, AssemblyResolver.OnResolve: Microsoft.Bcl.AsyncInterfaces: Searching in: 'C:\Program Files\dotnet\sdk\10.0.300'.
TpTrace Information: 0 : 15516, 2, 2026/08/23, 23:48:37.091, 3193457277341, vstest.console.dll, AssemblyResolver.OnResolve: Microsoft.Bcl.AsyncInterfaces: Assembly path does not exist: 'C:\Program Files\dotnet\sdk\10.0.300\Microsoft.Bcl.AsyncInterfaces.dll', returning.
TpTrace Information: 0 : 15516, 2, 2026/08/23, 23:48:37.091, 3193457278380, vstest.console.dll, AssemblyResolver.OnResolve: Microsoft.Bcl.AsyncInterfaces: Assembly path does not exist: 'C:\Program Files\dotnet\sdk\10.0.300\Microsoft.Bcl.AsyncInterfaces.exe', returning.
TpTrace Information: 0 : 15516, 2, 2026/08/23, 23:48:37.091, 3193457278828, vstest.console.dll, AssemblyResolver.OnResolve: Microsoft.Bcl.AsyncInterfaces: Failed to load assembly.
TpTrace Verbose: 0 : 15516, 2, 2026/08/23, 23:48:37.092, 3193457279436, vstest.console.dll, CurrentDomainAssemblyResolve: Resolving assembly 'Microsoft.Bcl.AsyncInterfaces'.
TpTrace Information: 0 : 15516, 2, 2026/08/23, 23:48:37.092, 3193457280463, vstest.console.dll, AssemblyResolver.OnResolve: Microsoft.Bcl.AsyncInterfaces: Resolving assembly.
TpTrace Information: 0 : 15516, 2, 2026/08/23, 23:48:37.092, 3193457280926, vstest.console.dll, AssemblyResolver.OnResolve: Microsoft.Bcl.AsyncInterfaces: Resolved from cache.
TpTrace Verbose: 0 : 15516, 2, 2026/08/23, 23:48:37.092, 3193457281112, vstest.console.dll, CurrentDomainAssemblyResolve: Resolving assembly 'Microsoft.Bcl.AsyncInterfaces'.
TpTrace Verbose: 0 : 15516, 2, 2026/08/23, 23:48:37.092, 3193457281544, vstest.console.dll, CurrentDomainAssemblyResolve: Failed to resolve assembly 'Microsoft.Bcl.AsyncInterfaces'.
TpTrace Verbose: 0 : 15516, 2, 2026/08/23, 23:48:37.099, 3193457355480, vstest.console.dll, CurrentDomainAssemblyResolve: Failed to resolve assembly 'Microsoft.Bcl.AsyncInterfaces'.
TpTrace Information: 0 : 15516, 2, 2026/08/23, 23:48:37.107, 3193457436381, vstest.console.dll, AssemblyResolver.OnResolve: Microsoft.Bcl.AsyncInterfaces: Resolving assembly.
TpTrace Information: 0 : 15516, 2, 2026/08/23, 23:48:37.107, 3193457437603, vstest.console.dll, AssemblyResolver.OnResolve: Microsoft.Bcl.AsyncInterfaces: Resolved from cache.
TpTrace Verbose: 0 : 15516, 2, 2026/08/23, 23:48:37.107, 3193457437812, vstest.console.dll, CurrentDomainAssemblyResolve: Resolving assembly 'Microsoft.Bcl.AsyncInterfaces'.
TpTrace Verbose: 0 : 15516, 2, 2026/08/23, 23:48:37.107, 3193457437980, vstest.console.dll, CurrentDomainAssemblyResolve: Failed to resolve assembly 'Microsoft.Bcl.AsyncInterfaces'.
TpTrace Information: 0 : 15516, 2, 2026/08/23, 23:48:37.109, 3193457450188, vstest.console.dll, AssemblyResolver.OnResolve: Microsoft.Bcl.AsyncInterfaces: Resolving assembly.
TpTrace Information: 0 : 15516, 2, 2026/08/23, 23:48:37.109, 3193457451263, vstest.console.dll, AssemblyResolver.OnResolve: Microsoft.Bcl.AsyncInterfaces: Resolved from cache.
TpTrace Verbose: 0 : 15516, 2, 2026/08/23, 23:48:37.109, 3193457451467, vstest.console.dll, CurrentDomainAssemblyResolve: Resolving assembly 'Microsoft.Bcl.AsyncInterfaces'.
TpTrace Verbose: 0 : 15516, 2, 2026/08/23, 23:48:37.109, 3193457451636, vstest.console.dll, CurrentDomainAssemblyResolve: Failed to resolve assembly 'Microsoft.Bcl.AsyncInterfaces'.
TpTrace Warning: 0 : 15516, 2, 2026/08/23, 23:48:37.130, 3193457662368, vstest.console.dll, TestPluginDiscoverer: Failed to get types from assembly 'Microsoft.Diagnostics.NETCore.Client, Version=0.2.14.23102, Culture=neutral, PublicKeyToken=31bf3856ad364e35'. Error: System.Reflection.ReflectionTypeLoadException: Unable to load one or more of the requested types.
Could not load file or assembly 'Microsoft.Bcl.AsyncInterfaces, Version=9.0.0.8, Culture=neutral, PublicKeyToken=cc7b13ffcd2ddd51'. The system cannot find the file specified.
Could not load file or assembly 'Microsoft.Bcl.AsyncInterfaces, Version=9.0.0.8, Culture=neutral, PublicKeyToken=cc7b13ffcd2ddd51'. The system cannot find the file specified.
Could not load file or assembly 'Microsoft.Bcl.AsyncInterfaces, Version=9.0.0.8, Culture=neutral, PublicKeyToken=cc7b13ffcd2ddd51'. The system cannot find the file specified.
   at System.Reflection.RuntimeModule.GetDefinedTypes()
   at System.Reflection.RuntimeModule.GetTypes()
   at Microsoft.VisualStudio.TestPlatform.Common.ExtensionFramework.TestPluginDiscoverer.GetTestExtensionsFromAssembly[TPluginInfo,TExtension](Assembly assembly, Dictionary`2 pluginInfos, String filePath) in /_/src/vstest/src/Microsoft.TestPlatform.Common/ExtensionFramework/TestPluginDiscoverer.cs:line 159
System.IO.FileNotFoundException: Could not load file or assembly 'Microsoft.Bcl.AsyncInterfaces, Version=9.0.0.8, Culture=neutral, PublicKeyToken=cc7b13ffcd2ddd51'. The system cannot find the file specified.
File name: 'Microsoft.Bcl.AsyncInterfaces, Version=9.0.0.8, Culture=neutral, PublicKeyToken=cc7b13ffcd2ddd51'
 ---> System.IO.FileNotFoundException: Could not load file or assembly 'Microsoft.Bcl.AsyncInterfaces, Culture=neutral, PublicKeyToken=null'. The system cannot find the file specified.
File name: 'Microsoft.Bcl.AsyncInterfaces, Culture=neutral, PublicKeyToken=null'
   at System.Reflection.RuntimeAssembly.InternalLoad(AssemblyName assemblyName, StackCrawlMark& stackMark, AssemblyLoadContext assemblyLoadContext, RuntimeAssembly requestingAssembly, Boolean throwOnFileNotFound)
   at System.Reflection.Assembly.Load(AssemblyName assemblyRef)
   at Microsoft.VisualStudio.TestPlatform.Common.ExtensionFramework.TestPluginCache.CurrentDomainAssemblyResolve(Object sender, AssemblyResolveEventArgs args) in /_/src/vstest/src/Microsoft.TestPlatform.Common/ExtensionFramework/TestPluginCache.cs:line 514
   at System.Runtime.Loader.AssemblyLoadContext.GetFirstResolvedAssemblyFromResolvingEvent(AssemblyName assemblyName)
   at System.Runtime.Loader.AssemblyLoadContext.ResolveUsingEvent(AssemblyName assemblyName)
System.IO.FileNotFoundException: Could not load file or assembly 'Microsoft.Bcl.AsyncInterfaces, Version=9.0.0.8, Culture=neutral, PublicKeyToken=cc7b13ffcd2ddd51'. The system cannot find the file specified.
File name: 'Microsoft.Bcl.AsyncInterfaces, Version=9.0.0.8, Culture=neutral, PublicKeyToken=cc7b13ffcd2ddd51'
System.IO.FileNotFoundException: Could not load file or assembly 'Microsoft.Bcl.AsyncInterfaces, Version=9.0.0.8, Culture=neutral, PublicKeyToken=cc7b13ffcd2ddd51'. The system cannot find the file specified.
File name: 'Microsoft.Bcl.AsyncInterfaces, Version=9.0.0.8, Culture=neutral, PublicKeyToken=cc7b13ffcd2ddd51'
TpTrace Warning: 0 : 15516, 2, 2026/08/23, 23:48:37.130, 3193457666160, vstest.console.dll, LoaderExceptions: System.IO.FileNotFoundException: Could not load file or assembly 'Microsoft.Bcl.AsyncInterfaces, Version=9.0.0.8, Culture=neutral, PublicKeyToken=cc7b13ffcd2ddd51'. The system cannot find the file specified.
File name: 'Microsoft.Bcl.AsyncInterfaces, Version=9.0.0.8, Culture=neutral, PublicKeyToken=cc7b13ffcd2ddd51'
 ---> System.IO.FileNotFoundException: Could not load file or assembly 'Microsoft.Bcl.AsyncInterfaces, Culture=neutral, PublicKeyToken=null'. The system cannot find the file specified.
File name: 'Microsoft.Bcl.AsyncInterfaces, Culture=neutral, PublicKeyToken=null'
   at System.Reflection.RuntimeAssembly.InternalLoad(AssemblyName assemblyName, StackCrawlMark& stackMark, AssemblyLoadContext assemblyLoadContext, RuntimeAssembly requestingAssembly, Boolean throwOnFileNotFound)
   at System.Reflection.Assembly.Load(AssemblyName assemblyRef)
   at Microsoft.VisualStudio.TestPlatform.Common.ExtensionFramework.TestPluginCache.CurrentDomainAssemblyResolve(Object sender, AssemblyResolveEventArgs args) in /_/src/vstest/src/Microsoft.TestPlatform.Common/ExtensionFramework/TestPluginCache.cs:line 514
   at System.Runtime.Loader.AssemblyLoadContext.GetFirstResolvedAssemblyFromResolvingEvent(AssemblyName assemblyName)
   at System.Runtime.Loader.AssemblyLoadContext.ResolveUsingEvent(AssemblyName assemblyName)
TpTrace Warning: 0 : 15516, 2, 2026/08/23, 23:48:37.130, 3193457666784, vstest.console.dll, LoaderExceptions: System.IO.FileNotFoundException: Could not load file or assembly 'Microsoft.Bcl.AsyncInterfaces, Version=9.0.0.8, Culture=neutral, PublicKeyToken=cc7b13ffcd2ddd51'. The system cannot find the file specified.
File name: 'Microsoft.Bcl.AsyncInterfaces, Version=9.0.0.8, Culture=neutral, PublicKeyToken=cc7b13ffcd2ddd51'
TpTrace Warning: 0 : 15516, 2, 2026/08/23, 23:48:37.130, 3193457666987, vstest.console.dll, LoaderExceptions: System.IO.FileNotFoundException: Could not load file or assembly 'Microsoft.Bcl.AsyncInterfaces, Version=9.0.0.8, Culture=neutral, PublicKeyToken=cc7b13ffcd2ddd51'. The system cannot find the file specified.
File name: 'Microsoft.Bcl.AsyncInterfaces, Version=9.0.0.8, Culture=neutral, PublicKeyToken=cc7b13ffcd2ddd51'
TpTrace Information: 0 : 15516, 2, 2026/08/23, 23:48:37.130, 3193457668199, vstest.console.dll, AssemblyResolver.OnResolve: Microsoft.TestPlatform.Extensions.BlameDataCollector: Resolving assembly.
TpTrace Information: 0 : 15516, 2, 2026/08/23, 23:48:37.130, 3193457668590, vstest.console.dll, AssemblyResolver.OnResolve: Microsoft.TestPlatform.Extensions.BlameDataCollector: Searching in: 'C:\Program Files\dotnet\sdk\10.0.300\Extensions'.
TpTrace Information: 0 : 15516, 2, 2026/08/23, 23:48:37.133, 3193457696548, vstest.console.dll, AssemblyResolver.OnResolve: Microsoft.TestPlatform.Extensions.BlameDataCollector: Loading assembly 'C:\Program Files\dotnet\sdk\10.0.300\Extensions\Microsoft.TestPlatform.Extensions.BlameDataCollector.dll'.
TpTrace Information: 0 : 15516, 2, 2026/08/23, 23:48:37.136, 3193457726139, vstest.console.dll, AssemblyResolver.TrackProvidedDependency: Resolved 'Microsoft.TestPlatform.Extensions.BlameDataCollector' from 'C:\Program Files\dotnet\sdk\10.0.300\Extensions' for 'unknown'.
TpTrace Information: 0 : 15516, 2, 2026/08/23, 23:48:37.136, 3193457727345, vstest.console.dll, AssemblyResolver.OnResolve: Resolved assembly: Microsoft.TestPlatform.Extensions.BlameDataCollector, from path: C:\Program Files\dotnet\sdk\10.0.300\Extensions\Microsoft.TestPlatform.Extensions.BlameDataCollector.dll
TpTrace Verbose: 0 : 15516, 2, 2026/08/23, 23:48:37.136, 3193457728015, vstest.console.dll, MetadataReaderExtensionsHelper: Discovering extensions inside assembly 'Microsoft.TestPlatform.Extensions.BlameDataCollector, Version=15.0.0.0, Culture=neutral, PublicKeyToken=b03f5f7f11d50a3a' file path 'C:\Program Files\dotnet\sdk\10.0.300\Extensions\Microsoft.TestPlatform.Extensions.BlameDataCollector.dll'
TpTrace Information: 0 : 15516, 2, 2026/08/23, 23:48:37.140, 3193457760474, vstest.console.dll, AssemblyResolver.OnResolve: Microsoft.TestPlatform.Extensions.EventLogCollector: Resolving assembly.
TpTrace Information: 0 : 15516, 2, 2026/08/23, 23:48:37.140, 3193457762120, vstest.console.dll, AssemblyResolver.OnResolve: Microsoft.TestPlatform.Extensions.EventLogCollector: Searching in: 'C:\Program Files\dotnet\sdk\10.0.300\Extensions'.
TpTrace Information: 0 : 15516, 2, 2026/08/23, 23:48:37.141, 3193457779119, vstest.console.dll, AssemblyResolver.OnResolve: Microsoft.TestPlatform.Extensions.EventLogCollector: Loading assembly 'C:\Program Files\dotnet\sdk\10.0.300\Extensions\Microsoft.TestPlatform.Extensions.EventLogCollector.dll'.
TpTrace Information: 0 : 15516, 2, 2026/08/23, 23:48:37.143, 3193457792153, vstest.console.dll, AssemblyResolver.TrackProvidedDependency: Resolved 'Microsoft.TestPlatform.Extensions.EventLogCollector' from 'C:\Program Files\dotnet\sdk\10.0.300\Extensions' for 'unknown'.
TpTrace Information: 0 : 15516, 2, 2026/08/23, 23:48:37.143, 3193457793480, vstest.console.dll, AssemblyResolver.OnResolve: Resolved assembly: Microsoft.TestPlatform.Extensions.EventLogCollector, from path: C:\Program Files\dotnet\sdk\10.0.300\Extensions\Microsoft.TestPlatform.Extensions.EventLogCollector.dll
TpTrace Verbose: 0 : 15516, 2, 2026/08/23, 23:48:37.143, 3193457794015, vstest.console.dll, MetadataReaderExtensionsHelper: Discovering extensions inside assembly 'Microsoft.TestPlatform.Extensions.EventLogCollector, Version=15.0.0.0, Culture=neutral, PublicKeyToken=b03f5f7f11d50a3a' file path 'C:\Program Files\dotnet\sdk\10.0.300\Extensions\Microsoft.TestPlatform.Extensions.EventLogCollector.dll'
TpTrace Information: 0 : 15516, 2, 2026/08/23, 23:48:37.149, 3193457849563, vstest.console.dll, AssemblyResolver.OnResolve: Microsoft.TestPlatform.TestHostRuntimeProvider: Resolving assembly.
TpTrace Information: 0 : 15516, 2, 2026/08/23, 23:48:37.149, 3193457851324, vstest.console.dll, AssemblyResolver.OnResolve: Microsoft.TestPlatform.TestHostRuntimeProvider: Searching in: 'C:\Program Files\dotnet\sdk\10.0.300\Extensions'.
TpTrace Information: 0 : 15516, 2, 2026/08/23, 23:48:37.150, 3193457864899, vstest.console.dll, AssemblyResolver.OnResolve: Microsoft.TestPlatform.TestHostRuntimeProvider: Loading assembly 'C:\Program Files\dotnet\sdk\10.0.300\Extensions\Microsoft.TestPlatform.TestHostRuntimeProvider.dll'.
TpTrace Information: 0 : 15516, 2, 2026/08/23, 23:48:37.151, 3193457879293, vstest.console.dll, AssemblyResolver.TrackProvidedDependency: Resolved 'Microsoft.TestPlatform.TestHostRuntimeProvider' from 'C:\Program Files\dotnet\sdk\10.0.300\Extensions' for 'unknown'.
TpTrace Information: 0 : 15516, 2, 2026/08/23, 23:48:37.152, 3193457880631, vstest.console.dll, AssemblyResolver.OnResolve: Resolved assembly: Microsoft.TestPlatform.TestHostRuntimeProvider, from path: C:\Program Files\dotnet\sdk\10.0.300\Extensions\Microsoft.TestPlatform.TestHostRuntimeProvider.dll
TpTrace Verbose: 0 : 15516, 2, 2026/08/23, 23:48:37.152, 3193457881357, vstest.console.dll, MetadataReaderExtensionsHelper: Discovering extensions inside assembly 'Microsoft.TestPlatform.TestHostRuntimeProvider, Version=15.0.0.0, Culture=neutral, PublicKeyToken=b03f5f7f11d50a3a' file path 'C:\Program Files\dotnet\sdk\10.0.300\Extensions\Microsoft.TestPlatform.TestHostRuntimeProvider.dll'
TpTrace Information: 0 : 15516, 2, 2026/08/23, 23:48:37.156, 3193457920562, vstest.console.dll, GetTestExtensionFromType: Register extension with identifier data 'HostProvider://DefaultTestHost' and type 'Microsoft.VisualStudio.TestPlatform.CrossPlatEngine.Hosting.DefaultTestHostManager, Microsoft.TestPlatform.TestHostRuntimeProvider, Version=15.0.0.0, Culture=neutral, PublicKeyToken=b03f5f7f11d50a3a' inside file 'C:\Program Files\dotnet\sdk\10.0.300\Extensions\Microsoft.TestPlatform.TestHostRuntimeProvider.dll'
TpTrace Information: 0 : 15516, 2, 2026/08/23, 23:48:37.156, 3193457925407, vstest.console.dll, GetTestExtensionFromType: Register extension with identifier data 'HostProvider://DotnetTestHost' and type 'Microsoft.VisualStudio.TestPlatform.CrossPlatEngine.Hosting.DotnetTestHostManager, Microsoft.TestPlatform.TestHostRuntimeProvider, Version=15.0.0.0, Culture=neutral, PublicKeyToken=b03f5f7f11d50a3a' inside file 'C:\Program Files\dotnet\sdk\10.0.300\Extensions\Microsoft.TestPlatform.TestHostRuntimeProvider.dll'
TpTrace Information: 0 : 15516, 2, 2026/08/23, 23:48:37.156, 3193457926402, vstest.console.dll, AssemblyResolver.OnResolve: Microsoft.VisualStudio.TestPlatform.Extensions.Html.TestLogger: Resolving assembly.
TpTrace Information: 0 : 15516, 2, 2026/08/23, 23:48:37.156, 3193457926653, vstest.console.dll, AssemblyResolver.OnResolve: Microsoft.VisualStudio.TestPlatform.Extensions.Html.TestLogger: Searching in: 'C:\Program Files\dotnet\sdk\10.0.300\Extensions'.
TpTrace Information: 0 : 15516, 2, 2026/08/23, 23:48:37.158, 3193457940134, vstest.console.dll, AssemblyResolver.OnResolve: Microsoft.VisualStudio.TestPlatform.Extensions.Html.TestLogger: Loading assembly 'C:\Program Files\dotnet\sdk\10.0.300\Extensions\Microsoft.VisualStudio.TestPlatform.Extensions.Html.TestLogger.dll'.
TpTrace Information: 0 : 15516, 2, 2026/08/23, 23:48:37.159, 3193457954545, vstest.console.dll, AssemblyResolver.TrackProvidedDependency: Resolved 'Microsoft.VisualStudio.TestPlatform.Extensions.Html.TestLogger' from 'C:\Program Files\dotnet\sdk\10.0.300\Extensions' for 'unknown'.
TpTrace Information: 0 : 15516, 2, 2026/08/23, 23:48:37.159, 3193457956287, vstest.console.dll, AssemblyResolver.OnResolve: Resolved assembly: Microsoft.VisualStudio.TestPlatform.Extensions.Html.TestLogger, from path: C:\Program Files\dotnet\sdk\10.0.300\Extensions\Microsoft.VisualStudio.TestPlatform.Extensions.Html.TestLogger.dll
TpTrace Verbose: 0 : 15516, 2, 2026/08/23, 23:48:37.159, 3193457957220, vstest.console.dll, MetadataReaderExtensionsHelper: Discovering extensions inside assembly 'Microsoft.VisualStudio.TestPlatform.Extensions.Html.TestLogger, Version=15.0.0.0, Culture=neutral, PublicKeyToken=b03f5f7f11d50a3a' file path 'C:\Program Files\dotnet\sdk\10.0.300\Extensions\Microsoft.VisualStudio.TestPlatform.Extensions.Html.TestLogger.dll'
TpTrace Information: 0 : 15516, 2, 2026/08/23, 23:48:37.162, 3193457980262, vstest.console.dll, AssemblyResolver.OnResolve: Microsoft.VisualStudio.TestPlatform.Extensions.Trx.TestLogger: Resolving assembly.
TpTrace Information: 0 : 15516, 2, 2026/08/23, 23:48:37.162, 3193457982036, vstest.console.dll, AssemblyResolver.OnResolve: Microsoft.VisualStudio.TestPlatform.Extensions.Trx.TestLogger: Searching in: 'C:\Program Files\dotnet\sdk\10.0.300\Extensions'.
TpTrace Information: 0 : 15516, 2, 2026/08/23, 23:48:37.164, 3193458007371, vstest.console.dll, AssemblyResolver.OnResolve: Microsoft.VisualStudio.TestPlatform.Extensions.Trx.TestLogger: Loading assembly 'C:\Program Files\dotnet\sdk\10.0.300\Extensions\Microsoft.VisualStudio.TestPlatform.Extensions.Trx.TestLogger.dll'.
TpTrace Information: 0 : 15516, 2, 2026/08/23, 23:48:37.167, 3193458034887, vstest.console.dll, AssemblyResolver.TrackProvidedDependency: Resolved 'Microsoft.VisualStudio.TestPlatform.Extensions.Trx.TestLogger' from 'C:\Program Files\dotnet\sdk\10.0.300\Extensions' for 'unknown'.
TpTrace Information: 0 : 15516, 2, 2026/08/23, 23:48:37.167, 3193458036386, vstest.console.dll, AssemblyResolver.OnResolve: Resolved assembly: Microsoft.VisualStudio.TestPlatform.Extensions.Trx.TestLogger, from path: C:\Program Files\dotnet\sdk\10.0.300\Extensions\Microsoft.VisualStudio.TestPlatform.Extensions.Trx.TestLogger.dll
TpTrace Verbose: 0 : 15516, 2, 2026/08/23, 23:48:37.167, 3193458037034, vstest.console.dll, MetadataReaderExtensionsHelper: Discovering extensions inside assembly 'Microsoft.VisualStudio.TestPlatform.Extensions.Trx.TestLogger, Version=15.0.0.0, Culture=neutral, PublicKeyToken=b03f5f7f11d50a3a' file path 'C:\Program Files\dotnet\sdk\10.0.300\Extensions\Microsoft.VisualStudio.TestPlatform.Extensions.Trx.TestLogger.dll'
TpTrace Verbose: 0 : 15516, 2, 2026/08/23, 23:48:37.170, 3193458064814, vstest.console.dll, TestPluginCache: Discovered the extensions using extension path ''.
TpTrace Verbose: 0 : 15516, 2, 2026/08/23, 23:48:37.170, 3193458066090, vstest.console.dll, TestPluginCache: Discoverers are ''.
TpTrace Verbose: 0 : 15516, 2, 2026/08/23, 23:48:37.170, 3193458066342, vstest.console.dll, TestPluginCache: Executors are ''.
TpTrace Verbose: 0 : 15516, 2, 2026/08/23, 23:48:37.170, 3193458066503, vstest.console.dll, TestPluginCache: Executors2 are ''.
TpTrace Verbose: 0 : 15516, 2, 2026/08/23, 23:48:37.170, 3193458066654, vstest.console.dll, TestPluginCache: Setting providers are ''.
TpTrace Verbose: 0 : 15516, 2, 2026/08/23, 23:48:37.170, 3193458066804, vstest.console.dll, TestPluginCache: Loggers are ''.
TpTrace Verbose: 0 : 15516, 2, 2026/08/23, 23:48:37.170, 3193458068298, vstest.console.dll, TestPluginCache: TestHosts are 'HostProvider://DefaultTestHost,HostProvider://DotnetTestHost'.
TpTrace Verbose: 0 : 15516, 2, 2026/08/23, 23:48:37.170, 3193458068610, vstest.console.dll, TestPluginCache: DataCollectors are ''.
TpTrace Information: 0 : 15516, 2, 2026/08/23, 23:48:37.190, 3193458267580, vstest.console.dll, RunTestsArgumentProcessor:Execute: Test run is starting.
TpTrace Verbose: 0 : 15516, 2, 2026/08/23, 23:48:37.191, 3193458269720, vstest.console.dll, RunTestsArgumentProcessor:Execute: Queuing Test run.
TpTrace Information: 0 : 15516, 2, 2026/08/23, 23:48:37.191, 3193458272306, vstest.console.dll, TestRequestManager.RunTests: run tests started.
TpTrace Information: 0 : 15516, 2, 2026/08/23, 23:48:37.194, 3193458301110, vstest.console.dll, AssemblyMetadataProvider.GetFrameworkName: Determined framework:'.NETCoreApp,Version=v10.0' for source: 'C:\Users\USER\Documents\Projects\DevTasks\tests\DevTasks.IntegrationTests\bin\Debug\net10.0\DevTasks.IntegrationTests.dll'
TpTrace Information: 0 : 15516, 2, 2026/08/23, 23:48:37.194, 3193458304217, vstest.console.dll, Determined framework for all sources: .NETCoreApp,Version=v10.0
TpTrace Verbose: 0 : 15516, 2, 2026/08/23, 23:48:37.196, 3193458323817, vstest.console.dll, TestRequestManager.UpdateRunSettingsIfRequired: Default architecture: X64 IsDefaultTargetArchitecture: True, Current process architecture: X64 OperatingSystem: Windows.
TpTrace Information: 0 : 15516, 2, 2026/08/23, 23:48:37.198, 3193458345126, vstest.console.dll, AssemblyMetadataProvider.GetArchitecture: Determined architecture:AnyCPU info for assembly: C:\Users\USER\Documents\Projects\DevTasks\tests\DevTasks.IntegrationTests\bin\Debug\net10.0\DevTasks.IntegrationTests.dll
TpTrace Information: 0 : 15516, 2, 2026/08/23, 23:48:37.198, 3193458346159, vstest.console.dll, Determined platform for source 'C:\Users\USER\Documents\Projects\DevTasks\tests\DevTasks.IntegrationTests\bin\Debug\net10.0\DevTasks.IntegrationTests.dll' was AnyCPU and it will use the default plaform X64.
TpTrace Information: 0 : 15516, 2, 2026/08/23, 23:48:37.198, 3193458346352, vstest.console.dll, None of the sources provided any runnable platform, using the default platform: X64
TpTrace Information: 0 : 15516, 2, 2026/08/23, 23:48:37.198, 3193458347919, vstest.console.dll, Platform was updated to 'X64'.
TpTrace Information: 0 : 15516, 2, 2026/08/23, 23:48:37.200, 3193458366425, vstest.console.dll, Compatible sources list: 
TpTrace Information: 0 : 15516, 2, 2026/08/23, 23:48:37.200, 3193458367753, vstest.console.dll, C:\Users\USER\Documents\Projects\DevTasks\tests\DevTasks.IntegrationTests\bin\Debug\net10.0\DevTasks.IntegrationTests.dll
TpTrace Information: 0 : 15516, 2, 2026/08/23, 23:48:37.205, 3193458414842, vstest.console.dll, InferRunSettingsHelper.IsTestSettingsEnabled: Unable to navigate to RunSettings/MSTest. Current node: RunSettings
TpTrace Information: 0 : 15516, 2, 2026/08/23, 23:48:37.206, 3193458424267, vstest.console.dll, AssemblyResolver.OnResolve: Microsoft.VisualStudio.TestPlatform.Fakes: Resolving assembly.
TpTrace Information: 0 : 15516, 2, 2026/08/23, 23:48:37.206, 3193458425526, vstest.console.dll, AssemblyResolver.OnResolve: Microsoft.VisualStudio.TestPlatform.Fakes: Searching in: 'C:\Program Files\dotnet\sdk\10.0.300\Extensions'.
TpTrace Information: 0 : 15516, 2, 2026/08/23, 23:48:37.206, 3193458426714, vstest.console.dll, AssemblyResolver.OnResolve: Microsoft.VisualStudio.TestPlatform.Fakes: Assembly path does not exist: 'C:\Program Files\dotnet\sdk\10.0.300\Extensions\Microsoft.VisualStudio.TestPlatform.Fakes.dll', returning.
TpTrace Information: 0 : 15516, 2, 2026/08/23, 23:48:37.206, 3193458427219, vstest.console.dll, AssemblyResolver.OnResolve: Microsoft.VisualStudio.TestPlatform.Fakes: Assembly path does not exist: 'C:\Program Files\dotnet\sdk\10.0.300\Extensions\Microsoft.VisualStudio.TestPlatform.Fakes.exe', returning.
TpTrace Information: 0 : 15516, 2, 2026/08/23, 23:48:37.206, 3193458427434, vstest.console.dll, AssemblyResolver.OnResolve: Microsoft.VisualStudio.TestPlatform.Fakes: Searching in: 'C:\Program Files\dotnet\sdk\10.0.300'.
TpTrace Information: 0 : 15516, 2, 2026/08/23, 23:48:37.206, 3193458427990, vstest.console.dll, AssemblyResolver.OnResolve: Microsoft.VisualStudio.TestPlatform.Fakes: Assembly path does not exist: 'C:\Program Files\dotnet\sdk\10.0.300\Microsoft.VisualStudio.TestPlatform.Fakes.dll', returning.
TpTrace Information: 0 : 15516, 2, 2026/08/23, 23:48:37.206, 3193458428460, vstest.console.dll, AssemblyResolver.OnResolve: Microsoft.VisualStudio.TestPlatform.Fakes: Assembly path does not exist: 'C:\Program Files\dotnet\sdk\10.0.300\Microsoft.VisualStudio.TestPlatform.Fakes.exe', returning.
TpTrace Information: 0 : 15516, 2, 2026/08/23, 23:48:37.206, 3193458428674, vstest.console.dll, AssemblyResolver.OnResolve: Microsoft.VisualStudio.TestPlatform.Fakes: Failed to load assembly.
TpTrace Information: 0 : 15516, 2, 2026/08/23, 23:48:37.207, 3193458431400, vstest.console.dll, Failed to load assembly Microsoft.VisualStudio.TestPlatform.Fakes, Version=18.0.0.0, Culture=neutral. Reason:System.IO.FileNotFoundException: Could not load file or assembly 'Microsoft.VisualStudio.TestPlatform.Fakes, Version=18.0.0.0, Culture=neutral, PublicKeyToken=null'. The system cannot find the file specified.
File name: 'Microsoft.VisualStudio.TestPlatform.Fakes, Version=18.0.0.0, Culture=neutral, PublicKeyToken=null'
   at System.Reflection.RuntimeAssembly.InternalLoad(AssemblyName assemblyName, StackCrawlMark& stackMark, AssemblyLoadContext assemblyLoadContext, RuntimeAssembly requestingAssembly, Boolean throwOnFileNotFound)
   at System.Reflection.Assembly.Load(AssemblyName assemblyRef)
   at Microsoft.VisualStudio.TestPlatform.Common.Utilities.FakesUtilities.LoadTestPlatformAssembly() in /_/src/vstest/src/Microsoft.TestPlatform.Common/Utilities/FakesUtilities.cs:line 200
TpTrace Verbose: 0 : 15516, 2, 2026/08/23, 23:48:37.209, 3193458452430, vstest.console.dll, TestPluginCache: Update extensions started. Skip filter = False
TpTrace Verbose: 0 : 15516, 2, 2026/08/23, 23:48:37.213, 3193458494792, vstest.console.dll, TestPluginCache: Using directories for assembly resolution 'C:\Users\USER\.nuget\packages\coverlet.collector\6.0.4\build\netstandard2.0'.
TpTrace Verbose: 0 : 15516, 2, 2026/08/23, 23:48:37.213, 3193458495863, vstest.console.dll, TestPluginCache: Updated the available extensions to 'C:\Users\USER\.nuget\packages\coverlet.collector\6.0.4\build\netstandard2.0\coverlet.collector.dll'.
TpTrace Verbose: 0 : 15516, 2, 2026/08/23, 23:48:37.222, 3193458583711, vstest.console.dll, TestEngine: Initializing Parallel Execution as MaxCpuCount is set to: 1
TpTrace Information: 0 : 15516, 2, 2026/08/23, 23:48:37.223, 3193458596924, vstest.console.dll, TestPluginManager.CreateTestExtension: Attempting to load test extension: Microsoft.VisualStudio.TestPlatform.CrossPlatEngine.Hosting.DefaultTestHostManager
TpTrace Information: 0 : 15516, 2, 2026/08/23, 23:48:37.224, 3193458607569, vstest.console.dll, TestPluginManager.CreateTestExtension: Attempting to load test extension: Microsoft.VisualStudio.TestPlatform.CrossPlatEngine.Hosting.DotnetTestHostManager
TpTrace Verbose: 0 : 15516, 2, 2026/08/23, 23:48:37.225, 3193458610757, vstest.console.dll, TestHostManagerCallbacks.ctor: Forwarding output is enabled.
TpTrace Information: 0 : 15516, 2, 2026/08/23, 23:48:37.225, 3193458615317, vstest.console.dll, InferRunSettingsHelper.IsTestSettingsEnabled: Unable to navigate to RunSettings/MSTest. Current node: RunSettings
TpTrace Verbose: 0 : 15516, 2, 2026/08/23, 23:48:37.226, 3193458625685, vstest.console.dll, ParallelOperationManager.ClearSlots: Clearing all slots. Slots should accept more work: True
TpTrace Verbose: 0 : 15516, 2, 2026/08/23, 23:48:37.227, 3193458639329, vstest.console.dll, ParallelOperationManager.SetOccupiedSlotCount: Setting slot counts AvailableSlotCount = 1, OccupiedSlotCount = 0.
TpTrace Verbose: 0 : 15516, 2, 2026/08/23, 23:48:37.228, 3193458643384, vstest.console.dll, Occupied slots:

TpTrace Verbose: 0 : 15516, 2, 2026/08/23, 23:48:37.231, 3193458674694, vstest.console.dll, TestEngine.GetExecutionManager: Chosen execution manager 'Microsoft.VisualStudio.TestPlatform.CrossPlatEngine.Client.Parallel.ParallelProxyExecutionManager, Microsoft.TestPlatform.CrossPlatEngine, Version=15.0.0.0, Culture=neutral, PublicKeyToken=b03f5f7f11d50a3a' ParallelLevel '1'.
TpTrace Verbose: 0 : 15516, 2, 2026/08/23, 23:48:37.231, 3193458677487, vstest.console.dll, TestPlatform.GetSkipDefaultAdapters: Not skipping default adapters SkipDefaultAdapters was false.
TpTrace Verbose: 0 : 15516, 2, 2026/08/23, 23:48:37.231, 3193458678455, vstest.console.dll, TestRunRequest.ExecuteAsync: Creating test run request.
TpTrace Verbose: 0 : 15516, 2, 2026/08/23, 23:48:37.232, 3193458684790, vstest.console.dll, TestRunRequest.ExecuteAsync: Starting.
TpTrace Information: 0 : 15516, 2, 2026/08/23, 23:48:37.233, 3193458693266, vstest.console.dll, TestRunRequest.ExecuteAsync: Starting run with settings:TestRunCriteria:
   KeepAlive=False,FrequencyOfRunStatsChangeEvent=10,RunStatsChangeEventTimeout=00:00:01.5000000,TestCaseFilter=,TestExecutorLauncher=
   Settingsxml=<RunSettings>
  <RunConfiguration>
    <ResultsDirectory>C:\Users\USER\Documents\Projects\DevTasks\tests\DevTasks.IntegrationTests\TestResults</ResultsDirectory>
    <TargetPlatform>X64</TargetPlatform>
    <TargetFrameworkVersion>.NETCoreApp,Version=v10.0</TargetFrameworkVersion>
    <TestAdaptersPaths>C:\Users\USER\.nuget\packages\coverlet.collector\6.0.4\build\netstandard2.0\</TestAdaptersPaths>
    <DesignMode>False</DesignMode>
    <CollectSourceInformation>False</CollectSourceInformation>
  </RunConfiguration>
  <LoggerRunSettings>
    <Loggers>
      <Logger friendlyName="Microsoft.TestPlatform.MSBuildLogger" assemblyQualifiedName="Microsoft.VisualStudio.TestPlatform.CommandLine.Internal.MSBuildLogger, vstest.console, Version=15.0.0.0, Culture=neutral, PublicKeyToken=b03f5f7f11d50a3a" codeBase="C:\Program Files\dotnet\sdk\10.0.300\vstest.console.dll" enabled="True">
        <Configuration>
          <Verbosity>minimal</Verbosity>
        </Configuration>
      </Logger>
    </Loggers>
  </LoggerRunSettings>
</RunSettings>

TpTrace Verbose: 0 : 15516, 2, 2026/08/23, 23:48:37.233, 3193458694856, vstest.console.dll, TestRunRequest.ExecuteAsync: Wait for the first run request is over.
TpTrace Verbose: 0 : 15516, 2, 2026/08/23, 23:48:37.233, 3193458697652, vstest.console.dll, MulticastDelegateUtilities.SafeInvoke: TestRun.TestRunStart: Invoking callbacks was skipped because there are no subscribers.
TpTrace Verbose: 0 : 15516, 2, 2026/08/23, 23:48:37.234, 3193458706342, vstest.console.dll, ParallelProxyExecutionManager: Start execution. Total sources: 1
TpTrace Verbose: 0 : 15516, 2, 2026/08/23, 23:48:37.234, 3193458709081, vstest.console.dll, ParallelOperationManager.StartWork: Starting adding 1 workloads.
TpTrace Verbose: 0 : 15516, 2, 2026/08/23, 23:48:37.235, 3193458709778, vstest.console.dll, ParallelOperationManager.ClearSlots: Clearing all slots. Slots should accept more work: True
TpTrace Verbose: 0 : 15516, 2, 2026/08/23, 23:48:37.235, 3193458710324, vstest.console.dll, ParallelOperationManager.SetOccupiedSlotCount: Setting slot counts AvailableSlotCount = 1, OccupiedSlotCount = 0.
TpTrace Verbose: 0 : 15516, 2, 2026/08/23, 23:48:37.235, 3193458710622, vstest.console.dll, Occupied slots:

TpTrace Verbose: 0 : 15516, 2, 2026/08/23, 23:48:37.236, 3193458721654, vstest.console.dll, TestHostManagerCallbacks.ctor: Forwarding output is enabled.
TpTrace Verbose: 0 : 15516, 2, 2026/08/23, 23:48:37.236, 3193458723738, vstest.console.dll, TestRequestSender is acting as server.
TpTrace Verbose: 0 : 15516, 2, 2026/08/23, 23:48:37.236, 3193458725971, vstest.console.dll, ParallelOperationManager.RunWorkInParallel: Adding 1 workload to slot, remaining workloads 0.
TpTrace Verbose: 0 : 15516, 2, 2026/08/23, 23:48:37.236, 3193458726418, vstest.console.dll, ParallelOperationManager.SetOccupiedSlotCount: Setting slot counts AvailableSlotCount = 0, OccupiedSlotCount = 1.
TpTrace Verbose: 0 : 15516, 2, 2026/08/23, 23:48:37.236, 3193458727208, vstest.console.dll, Occupied slots:
0: C:\Users\USER\Documents\Projects\DevTasks\tests\DevTasks.IntegrationTests\bin\Debug\net10.0\DevTasks.IntegrationTests.dll
TpTrace Verbose: 0 : 15516, 2, 2026/08/23, 23:48:37.238, 3193458740033, vstest.console.dll, ParallelOperationManager.RunWorkInParallel: Started host in slot number 0 for work (source): C:\Users\USER\Documents\Projects\DevTasks\tests\DevTasks.IntegrationTests\bin\Debug\net10.0\DevTasks.IntegrationTests.dll.
TpTrace Verbose: 0 : 15516, 2, 2026/08/23, 23:48:37.239, 3193458755890, vstest.console.dll, ParallelOperationManager.RunWorkInParallel: We started 1 work items, which is the max parallel level. Won't start more work.
TpTrace Verbose: 0 : 15516, 2, 2026/08/23, 23:48:37.239, 3193458757582, vstest.console.dll, ParallelOperationManager.RunWorkInParallel: We started 1 work items in here, returning True.
TpTrace Information: 0 : 15516, 2, 2026/08/23, 23:48:37.239, 3193458757874, vstest.console.dll, TestRunRequest.ExecuteAsync: Started.
TpTrace Verbose: 0 : 15516, 2, 2026/08/23, 23:48:37.239, 3193458758791, vstest.console.dll, TestRunRequest.WaitForCompletion: Waiting with timeout -1.
TpTrace Verbose: 0 : 15516, 5, 2026/08/23, 23:48:37.240, 3193458763888, vstest.console.dll, ParallelProxyExecutionManager.StartTestRunOnConcurrentManager: Initializing uninitialized client. Started clients: 0
TpTrace Verbose: 0 : 15516, 5, 2026/08/23, 23:48:37.240, 3193458766075, vstest.console.dll, ParallelProxyExecutionManager.StartTestRunOnConcurrentManager: Initializing test run. Started clients: 0
TpTrace Verbose: 0 : 15516, 5, 2026/08/23, 23:48:37.240, 3193458767709, vstest.console.dll, ProxyExecutionManager: Test host is always Lazy initialize.
TpTrace Verbose: 0 : 15516, 5, 2026/08/23, 23:48:37.241, 3193458771610, vstest.console.dll, TestRequestSender.InitializeCommunication: initialize communication. 
TpTrace Information: 0 : 15516, 5, 2026/08/23, 23:48:37.259, 3193458956543, vstest.console.dll, SocketServer.Start: Listening on endpoint : 127.0.0.1:52361
TpTrace Verbose: 0 : 15516, 5, 2026/08/23, 23:48:37.272, 3193459087360, vstest.console.dll, DotnetTestHostmanager.GetTestHostProcessStartInfo: Platform environment 'X64' target architecture 'X64' framework '.NETCoreApp,Version=v10.0' OS 'Windows'
TpTrace Verbose: 0 : 15516, 5, 2026/08/23, 23:48:37.273, 3193459092664, vstest.console.dll, DotnetTestHostmanager.LaunchTestHostAsync: VSTEST_DOTNET_ROOT_PATH=C:\Program Files\dotnet
TpTrace Verbose: 0 : 15516, 5, 2026/08/23, 23:48:37.273, 3193459094067, vstest.console.dll, DotnetTestHostmanager.LaunchTestHostAsync: VSTEST_DOTNET_ROOT_ARCHITECTURE=X64
TpTrace Verbose: 0 : 15516, 5, 2026/08/23, 23:48:37.275, 3193459113001, vstest.console.dll, DotnetTestHostManager.SetDotnetRootForArchitecture: Adding DOTNET_ROOT_X64=C:\Program Files\dotnet to testhost start info.
TpTrace Verbose: 0 : 15516, 5, 2026/08/23, 23:48:37.276, 3193459119822, vstest.console.dll, DotnetTestHostmanager: Adding  --runtimeconfig "C:\Users\USER\Documents\Projects\DevTasks\tests\DevTasks.IntegrationTests\bin\Debug\net10.0\DevTasks.IntegrationTests.runtimeconfig.json" in args
TpTrace Verbose: 0 : 15516, 5, 2026/08/23, 23:48:37.276, 3193459123594, vstest.console.dll, DotnetTestHostmanager: Adding  --depsfile "C:\Users\USER\Documents\Projects\DevTasks\tests\DevTasks.IntegrationTests\bin\Debug\net10.0\DevTasks.IntegrationTests.deps.json" in args
TpTrace Verbose: 0 : 15516, 5, 2026/08/23, 23:48:37.276, 3193459127897, vstest.console.dll, DotnetTestHostmanager.IsWinOnArm: Current PROCESSOR_ARCHITECTURE from environment variable 'AMD64'
TpTrace Verbose: 0 : 15516, 5, 2026/08/23, 23:48:37.276, 3193459128788, vstest.console.dll, DotnetTestHostmanager.IsWinOnArm: Is Windows on ARM 'False'
TpTrace Verbose: 0 : 15516, 5, 2026/08/23, 23:48:37.277, 3193459132009, vstest.console.dll, DotnetTestHostManager: testhost.exe found at path: C:\Users\USER\Documents\Projects\DevTasks\tests\DevTasks.IntegrationTests\bin\Debug\net10.0\testhost.exe
TpTrace Verbose: 0 : 15516, 5, 2026/08/23, 23:48:37.277, 3193459133010, vstest.console.dll, DotnetTestHostmanager: Full path of host exe is C:\Users\USER\Documents\Projects\DevTasks\tests\DevTasks.IntegrationTests\bin\Debug\net10.0\testhost.exe
TpTrace Verbose: 0 : 15516, 5, 2026/08/23, 23:48:37.283, 3193459190414, vstest.console.dll, DotnetTestHostManager: Starting process '0' with command line '1' and DOTNET environment: DOTNET_ROOT_X64=C:\Program Files\dotnet 
TpTrace Verbose: 0 : 15516, 5, 2026/08/23, 23:48:37.283, 3193459191768, vstest.console.dll, DotnetTestHostManager: Launching testhost with CreateNoWindow=True
TpTrace Verbose: 0 : 15516, 5, 2026/08/23, 23:48:37.304, 3193459403130, vstest.console.dll, Test Runtime launched
TpTrace Verbose: 0 : 15516, 5, 2026/08/23, 23:48:37.304, 3193459408079, vstest.console.dll, MulticastDelegateUtilities.SafeInvoke: HostProviderEvents.OnHostLaunched: Invoking callback 1/1 for Microsoft.VisualStudio.TestPlatform.CrossPlatEngine.Client.ProxyOperationManager., took 6 ms.
TpTrace Verbose: 0 : 15516, 5, 2026/08/23, 23:48:37.305, 3193459416062, vstest.console.dll, TestRequestSender.WaitForRequestHandlerConnection: waiting for connection with timeout: 90000.
TpTrace Verbose: 0 : 15516, 5, 2026/08/23, 23:48:37.753, 3193463895985, vstest.console.dll, TestRequestSender.WaitForRequestHandlerConnection: waiting took 448 ms, with timeout 90000 ms, and result 0, which is success.
TpTrace Verbose: 0 : 15516, 11, 2026/08/23, 23:48:37.753, 3193463895983, vstest.console.dll, MulticastDelegateUtilities.SafeInvoke: SocketServer: ClientConnected: Invoking callback 1/1 for Microsoft.VisualStudio.TestPlatform.CommunicationUtilities.TestRequestSender., took 0 ms.
TpTrace Verbose: 0 : 15516, 11, 2026/08/23, 23:48:37.754, 3193463902141, vstest.console.dll, SocketServer.OnClientConnected: Client connected for endPoint: 127.0.0.1:52361, starting MessageLoopAsync:
TpTrace Verbose: 0 : 15516, 14, 2026/08/23, 23:48:37.755, 3193463917578, vstest.console.dll, TcpClientExtensions.MessageLoopAsync: Polling on remoteEndPoint: 127.0.0.1:52364 localEndPoint: 127.0.0.1:52361 after 0 ms
TpTrace Verbose: 0 : 15516, 5, 2026/08/23, 23:48:37.858, 3193464948430, vstest.console.dll, TestRequestSender.CheckVersionWithTestHost: Sending check version message: {"MessageType":"ProtocolVersion","Payload":7}
TpTrace Verbose: 0 : 15516, 14, 2026/08/23, 23:48:38.035, 3193466714085, vstest.console.dll, TcpClientExtensions.MessageLoopAsync: NotifyDataAvailable remoteEndPoint: 127.0.0.1:52364 localEndPoint: 127.0.0.1:52361
TpTrace Verbose: 0 : 15516, 14, 2026/08/23, 23:48:38.035, 3193466718508, vstest.console.dll, TestRequestSender.CheckVersionWithTestHost: onMessageReceived received message: (ProtocolVersion) -> {"MessageType":"ProtocolVersion","Payload":7}
TpTrace Verbose: 0 : 15516, 14, 2026/08/23, 23:48:38.044, 3193466809051, vstest.console.dll, MulticastDelegateUtilities.SafeInvoke: LengthPrefixCommunicationChannel: MessageReceived: Invoking callback 1/1 for Microsoft.VisualStudio.TestPlatform.CommunicationUtilities.TestRequestSender+<>c__DisplayClass29_0., took 9 ms.
TpTrace Verbose: 0 : 15516, 14, 2026/08/23, 23:48:38.045, 3193466810610, vstest.console.dll, TcpClientExtensions.MessageLoopAsync: Polling on remoteEndPoint: 127.0.0.1:52364 localEndPoint: 127.0.0.1:52361 after 288 ms
TpTrace Verbose: 0 : 15516, 5, 2026/08/23, 23:48:38.045, 3193466811015, vstest.console.dll, TestPluginCache.GetExtensionPaths: Filtered extension paths: 
TpTrace Verbose: 0 : 15516, 14, 2026/08/23, 23:48:38.045, 3193466811148, vstest.console.dll, TcpClientExtensions.MessageLoopAsync: NotifyDataAvailable remoteEndPoint: 127.0.0.1:52364 localEndPoint: 127.0.0.1:52361
TpTrace Verbose: 0 : 15516, 5, 2026/08/23, 23:48:38.045, 3193466812266, vstest.console.dll, TestPluginCache.GetExtensionPaths: Added default extension paths: C:\Program Files\dotnet\sdk\10.0.300\Extensions\Microsoft.Diagnostics.NETCore.Client.dll
C:\Program Files\dotnet\sdk\10.0.300\Extensions\Microsoft.TestPlatform.Extensions.BlameDataCollector.dll
C:\Program Files\dotnet\sdk\10.0.300\Extensions\Microsoft.TestPlatform.Extensions.EventLogCollector.dll
C:\Program Files\dotnet\sdk\10.0.300\Extensions\Microsoft.TestPlatform.TestHostRuntimeProvider.dll
C:\Program Files\dotnet\sdk\10.0.300\Extensions\Microsoft.VisualStudio.TestPlatform.Extensions.Html.TestLogger.dll
C:\Program Files\dotnet\sdk\10.0.300\Extensions\Microsoft.VisualStudio.TestPlatform.Extensions.Trx.TestLogger.dll
TpTrace Verbose: 0 : 15516, 5, 2026/08/23, 23:48:38.045, 3193466813002, vstest.console.dll, TestPluginCache.GetExtensionPaths: Added unfilterableExtensionPaths: 
TpTrace Verbose: 0 : 15516, 5, 2026/08/23, 23:48:38.051, 3193466873530, vstest.console.dll, TestRequestSender.InitializeExecution: Sending initialize execution with message: {"Version":7,"MessageType":"TestExecution.Initialize","Payload":["C:\\Users\\USER\\Documents\\Projects\\DevTasks\\tests\\DevTasks.IntegrationTests\\bin\\Debug\\net10.0\\xunit.runner.visualstudio.testadapter.dll"]}
TpTrace Verbose: 0 : 15516, 5, 2026/08/23, 23:48:38.051, 3193466877510, vstest.console.dll, ParallelProxyExecutionManager.StartTestRunOnConcurrentManager: Execution starting. Started clients: 1
TpTrace Warning: 0 : 15516, 5, 2026/08/23, 23:48:38.052, 3193466883334, vstest.console.dll, InferRunSettingsHelper.MakeRunsettingsCompatible: Removing the following settings: TargetPlatform from RunSettings file. To use those settings please move to latest version of Microsoft.NET.Test.Sdk
TpTrace Verbose: 0 : 15516, 14, 2026/08/23, 23:48:38.054, 3193466905926, vstest.console.dll, TestRequestSender.OnExecutionMessageReceived: Received message: {"Version":7,"MessageType":"TestSession.Message","Payload":{"MessageLevel":0,"Message":"Logging TestHost Diagnostics in file: C:\\Users\\USER\\Documents\\Projects\\DevTasks\\diagnostics.host.26-08-23_23-48-37_27217_5.log"}}
TpTrace Verbose: 0 : 15516, 14, 2026/08/23, 23:48:38.062, 3193466987968, vstest.console.dll, TestRunRequest:SendTestRunMessage: Starting.
TpTrace Verbose: 0 : 15516, 14, 2026/08/23, 23:48:38.063, 3193466993662, vstest.console.dll, MulticastDelegateUtilities.SafeInvoke: TestRun.LogMessages: Invoking callback 1/1 for Microsoft.VisualStudio.TestPlatform.CommandLine.TestRunResultAggregator., took 0 ms.
TpTrace Information: 0 : 15516, 14, 2026/08/23, 23:48:38.063, 3193466995960, vstest.console.dll, TestRunRequest:SendTestRunMessage: Completed.
TpTrace Verbose: 0 : 15516, 14, 2026/08/23, 23:48:38.063, 3193466998203, vstest.console.dll, MulticastDelegateUtilities.SafeInvoke: LengthPrefixCommunicationChannel: MessageReceived: Invoking callback 1/1 for Microsoft.VisualStudio.TestPlatform.CommunicationUtilities.TestRequestSender+<>c__DisplayClass34_0., took 9 ms.
TpTrace Verbose: 0 : 15516, 14, 2026/08/23, 23:48:38.063, 3193466999273, vstest.console.dll, TcpClientExtensions.MessageLoopAsync: Polling on remoteEndPoint: 127.0.0.1:52364 localEndPoint: 127.0.0.1:52361 after 18 ms
TpTrace Verbose: 0 : 15516, 4, 2026/08/23, 23:48:38.064, 3193467000860, vstest.console.dll, MulticastDelegateUtilities.SafeInvoke: InternalTestLoggerEvents.SendTestRunMessage: Invoking callback 1/1 for Microsoft.VisualStudio.TestPlatform.CommandLine.Internal.MSBuildLogger., took 0 ms.
TpTrace Verbose: 0 : 15516, 5, 2026/08/23, 23:48:38.070, 3193467069267, vstest.console.dll, TestRequestSender.StartTestRun: Sending test run with message: {"Version":7,"MessageType":"TestExecution.StartWithSources","Payload":{"AdapterSourceMap":{"_none_":["C:\\Users\\USER\\Documents\\Projects\\DevTasks\\tests\\DevTasks.IntegrationTests\\bin\\Debug\\net10.0\\DevTasks.IntegrationTests.dll"]},"RunSettings":"<RunSettings>\r\n  <RunConfiguration>\r\n    <ResultsDirectory>C:\\Users\\USER\\Documents\\Projects\\DevTasks\\tests\\DevTasks.IntegrationTests\\TestResults</ResultsDirectory>\r\n    <TargetFrameworkVersion>.NETCoreApp,Version=v10.0</TargetFrameworkVersion>\r\n    <TestAdaptersPaths>C:\\Users\\USER\\.nuget\\packages\\coverlet.collector\\6.0.4\\build\\netstandard2.0\\</TestAdaptersPaths>\r\n    <DesignMode>False</DesignMode>\r\n    <CollectSourceInformation>False</CollectSourceInformation>\r\n  </RunConfiguration>\r\n  <LoggerRunSettings>\r\n    <Loggers>\r\n      <Logger friendlyName=\"Microsoft.TestPlatform.MSBuildLogger\" assemblyQualifiedName=\"Microsoft.VisualStudio.TestPlatform.CommandLine.Internal.MSBuildLogger, vstest.console, Version=15.0.0.0, Culture=neutral, PublicKeyToken=b03f5f7f11d50a3a\" codeBase=\"C:\\Program Files\\dotnet\\sdk\\10.0.300\\vstest.console.dll\" enabled=\"True\">\r\n        <Configuration>\r\n          <Verbosity>minimal</Verbosity>\r\n        </Configuration>\r\n      </Logger>\r\n    </Loggers>\r\n  </LoggerRunSettings>\r\n</RunSettings>","TestExecutionContext":{"FrequencyOfRunStatsChangeEvent":10,"RunStatsChangeEventTimeout":"00:00:01.5000000","InIsolation":false,"KeepAlive":false,"AreTestCaseLevelEventsRequired":false,"IsDebug":false,"TestCaseFilter":null,"FilterOptions":null},"Package":null}}
TpTrace Verbose: 0 : 15516, 5, 2026/08/23, 23:48:38.071, 3193467073596, vstest.console.dll, ParallelProxyExecutionManager.StartTestRunOnConcurrentManager: Execution started. Started clients: 1
TpTrace Verbose: 0 : 15516, 14, 2026/08/23, 23:48:38.283, 3193469191787, vstest.console.dll, TcpClientExtensions.MessageLoopAsync: NotifyDataAvailable remoteEndPoint: 127.0.0.1:52364 localEndPoint: 127.0.0.1:52361
TpTrace Verbose: 0 : 15516, 14, 2026/08/23, 23:48:38.283, 3193469193559, vstest.console.dll, TestRequestSender.OnExecutionMessageReceived: Received message: {"Version":7,"MessageType":"TestSession.Message","Payload":{"MessageLevel":0,"Message":"[xUnit.net 00:00:00.00] xUnit.net VSTest Adapter v3.1.4+50e68bbb8b (64-bit .NET 10.0.8)"}}
TpTrace Verbose: 0 : 15516, 14, 2026/08/23, 23:48:38.283, 3193469196514, vstest.console.dll, TestRunRequest:SendTestRunMessage: Starting.
TpTrace Verbose: 0 : 15516, 14, 2026/08/23, 23:48:38.283, 3193469198166, vstest.console.dll, MulticastDelegateUtilities.SafeInvoke: TestRun.LogMessages: Invoking callback 1/1 for Microsoft.VisualStudio.TestPlatform.CommandLine.TestRunResultAggregator., took 0 ms.
TpTrace Information: 0 : 15516, 14, 2026/08/23, 23:48:38.283, 3193469198787, vstest.console.dll, TestRunRequest:SendTestRunMessage: Completed.
TpTrace Verbose: 0 : 15516, 14, 2026/08/23, 23:48:38.284, 3193469199559, vstest.console.dll, MulticastDelegateUtilities.SafeInvoke: LengthPrefixCommunicationChannel: MessageReceived: Invoking callback 1/1 for Microsoft.VisualStudio.TestPlatform.CommunicationUtilities.TestRequestSender+<>c__DisplayClass34_0., took 0 ms.
TpTrace Verbose: 0 : 15516, 4, 2026/08/23, 23:48:38.284, 3193469200073, vstest.console.dll, MulticastDelegateUtilities.SafeInvoke: InternalTestLoggerEvents.SendTestRunMessage: Invoking callback 1/1 for Microsoft.VisualStudio.TestPlatform.CommandLine.Internal.MSBuildLogger., took 0 ms.
TpTrace Verbose: 0 : 15516, 14, 2026/08/23, 23:48:38.284, 3193469201517, vstest.console.dll, TcpClientExtensions.MessageLoopAsync: Polling on remoteEndPoint: 127.0.0.1:52364 localEndPoint: 127.0.0.1:52361 after 220 ms
TpTrace Verbose: 0 : 15516, 14, 2026/08/23, 23:48:38.422, 3193470589006, vstest.console.dll, TcpClientExtensions.MessageLoopAsync: NotifyDataAvailable remoteEndPoint: 127.0.0.1:52364 localEndPoint: 127.0.0.1:52361
TpTrace Verbose: 0 : 15516, 14, 2026/08/23, 23:48:38.423, 3193470591383, vstest.console.dll, TestRequestSender.OnExecutionMessageReceived: Received message: {"Version":7,"MessageType":"TestSession.Message","Payload":{"MessageLevel":0,"Message":"[xUnit.net 00:00:00.14]   Discovering: DevTasks.IntegrationTests"}}
TpTrace Verbose: 0 : 15516, 14, 2026/08/23, 23:48:38.423, 3193470593868, vstest.console.dll, TestRunRequest:SendTestRunMessage: Starting.
TpTrace Verbose: 0 : 15516, 14, 2026/08/23, 23:48:38.423, 3193470595635, vstest.console.dll, MulticastDelegateUtilities.SafeInvoke: TestRun.LogMessages: Invoking callback 1/1 for Microsoft.VisualStudio.TestPlatform.CommandLine.TestRunResultAggregator., took 0 ms.
TpTrace Information: 0 : 15516, 14, 2026/08/23, 23:48:38.423, 3193470596105, vstest.console.dll, TestRunRequest:SendTestRunMessage: Completed.
TpTrace Verbose: 0 : 15516, 14, 2026/08/23, 23:48:38.423, 3193470596615, vstest.console.dll, MulticastDelegateUtilities.SafeInvoke: LengthPrefixCommunicationChannel: MessageReceived: Invoking callback 1/1 for Microsoft.VisualStudio.TestPlatform.CommunicationUtilities.TestRequestSender+<>c__DisplayClass34_0., took 0 ms.
TpTrace Verbose: 0 : 15516, 14, 2026/08/23, 23:48:38.423, 3193470597185, vstest.console.dll, TcpClientExtensions.MessageLoopAsync: Polling on remoteEndPoint: 127.0.0.1:52364 localEndPoint: 127.0.0.1:52361 after 139 ms
TpTrace Verbose: 0 : 15516, 4, 2026/08/23, 23:48:38.423, 3193470598250, vstest.console.dll, MulticastDelegateUtilities.SafeInvoke: InternalTestLoggerEvents.SendTestRunMessage: Invoking callback 1/1 for Microsoft.VisualStudio.TestPlatform.CommandLine.Internal.MSBuildLogger., took 0 ms.
TpTrace Verbose: 0 : 15516, 14, 2026/08/23, 23:48:38.435, 3193470715200, vstest.console.dll, TcpClientExtensions.MessageLoopAsync: NotifyDataAvailable remoteEndPoint: 127.0.0.1:52364 localEndPoint: 127.0.0.1:52361
TpTrace Verbose: 0 : 15516, 14, 2026/08/23, 23:48:38.435, 3193470716799, vstest.console.dll, TestRequestSender.OnExecutionMessageReceived: Received message: {"Version":7,"MessageType":"TestSession.Message","Payload":{"MessageLevel":0,"Message":"[xUnit.net 00:00:00.15]   Discovered:  DevTasks.IntegrationTests"}}
TpTrace Verbose: 0 : 15516, 14, 2026/08/23, 23:48:38.435, 3193470717903, vstest.console.dll, TestRunRequest:SendTestRunMessage: Starting.
TpTrace Verbose: 0 : 15516, 14, 2026/08/23, 23:48:38.435, 3193470718561, vstest.console.dll, MulticastDelegateUtilities.SafeInvoke: TestRun.LogMessages: Invoking callback 1/1 for Microsoft.VisualStudio.TestPlatform.CommandLine.TestRunResultAggregator., took 0 ms.
TpTrace Information: 0 : 15516, 14, 2026/08/23, 23:48:38.435, 3193470718830, vstest.console.dll, TestRunRequest:SendTestRunMessage: Completed.
TpTrace Verbose: 0 : 15516, 14, 2026/08/23, 23:48:38.435, 3193470719120, vstest.console.dll, MulticastDelegateUtilities.SafeInvoke: LengthPrefixCommunicationChannel: MessageReceived: Invoking callback 1/1 for Microsoft.VisualStudio.TestPlatform.CommunicationUtilities.TestRequestSender+<>c__DisplayClass34_0., took 0 ms.
TpTrace Verbose: 0 : 15516, 14, 2026/08/23, 23:48:38.436, 3193470719483, vstest.console.dll, TcpClientExtensions.MessageLoopAsync: Polling on remoteEndPoint: 127.0.0.1:52364 localEndPoint: 127.0.0.1:52361 after 12 ms
TpTrace Verbose: 0 : 15516, 4, 2026/08/23, 23:48:38.436, 3193470720799, vstest.console.dll, MulticastDelegateUtilities.SafeInvoke: InternalTestLoggerEvents.SendTestRunMessage: Invoking callback 1/1 for Microsoft.VisualStudio.TestPlatform.CommandLine.Internal.MSBuildLogger., took 0 ms.
TpTrace Verbose: 0 : 15516, 14, 2026/08/23, 23:48:38.444, 3193470801329, vstest.console.dll, TcpClientExtensions.MessageLoopAsync: NotifyDataAvailable remoteEndPoint: 127.0.0.1:52364 localEndPoint: 127.0.0.1:52361
TpTrace Verbose: 0 : 15516, 14, 2026/08/23, 23:48:38.444, 3193470804408, vstest.console.dll, TestRequestSender.OnExecutionMessageReceived: Received message: {"Version":7,"MessageType":"TestSession.Message","Payload":{"MessageLevel":1,"Message":"No test is available in C:\\Users\\USER\\Documents\\Projects\\DevTasks\\tests\\DevTasks.IntegrationTests\\bin\\Debug\\net10.0\\DevTasks.IntegrationTests.dll. Make sure that test discoverer & executors are registered and platform & framework version settings are appropriate and try again."}}
TpTrace Verbose: 0 : 15516, 14, 2026/08/23, 23:48:38.444, 3193470806197, vstest.console.dll, TestRunRequest:SendTestRunMessage: Starting.
TpTrace Verbose: 0 : 15516, 14, 2026/08/23, 23:48:38.444, 3193470806821, vstest.console.dll, MulticastDelegateUtilities.SafeInvoke: TestRun.LogMessages: Invoking callback 1/1 for Microsoft.VisualStudio.TestPlatform.CommandLine.TestRunResultAggregator., took 0 ms.
TpTrace Information: 0 : 15516, 14, 2026/08/23, 23:48:38.444, 3193470807075, vstest.console.dll, TestRunRequest:SendTestRunMessage: Completed.
TpTrace Verbose: 0 : 15516, 14, 2026/08/23, 23:48:38.444, 3193470807272, vstest.console.dll, MulticastDelegateUtilities.SafeInvoke: LengthPrefixCommunicationChannel: MessageReceived: Invoking callback 1/1 for Microsoft.VisualStudio.TestPlatform.CommunicationUtilities.TestRequestSender+<>c__DisplayClass34_0., took 0 ms.
TpTrace Verbose: 0 : 15516, 14, 2026/08/23, 23:48:38.444, 3193470807501, vstest.console.dll, TcpClientExtensions.MessageLoopAsync: Polling on remoteEndPoint: 127.0.0.1:52364 localEndPoint: 127.0.0.1:52361 after 8 ms
TpTrace Verbose: 0 : 15516, 4, 2026/08/23, 23:48:38.444, 3193470808439, vstest.console.dll, MulticastDelegateUtilities.SafeInvoke: InternalTestLoggerEvents.SendTestRunMessage: Invoking callback 1/1 for Microsoft.VisualStudio.TestPlatform.CommandLine.Internal.MSBuildLogger., took 0 ms.
TpTrace Verbose: 0 : 15516, 14, 2026/08/23, 23:48:38.472, 3193471087949, vstest.console.dll, TcpClientExtensions.MessageLoopAsync: NotifyDataAvailable remoteEndPoint: 127.0.0.1:52364 localEndPoint: 127.0.0.1:52361
TpTrace Verbose: 0 : 15516, 14, 2026/08/23, 23:48:38.473, 3193471090570, vstest.console.dll, TestRequestSender.OnExecutionMessageReceived: Received message: {"Version":7,"MessageType":"TestExecution.Completed","Payload":{"TestRunCompleteArgs":{"TestRunStatistics":{"ExecutedTests":0,"Stats":{}},"IsCanceled":false,"IsAborted":false,"Error":null,"AttachmentSets":[],"InvokedDataCollectors":[],"ElapsedTimeInRunningTests":"00:00:00.1719442","Metrics":{},"DiscoveredExtensions":{"TestDiscoverers":["Xunit.Runner.VisualStudio.VsTestRunner, xunit.runner.visualstudio.testadapter, Version=3.1.4.0, Culture=neutral, PublicKeyToken=null"],"TestExecutors":["executor://xunit/VsTestRunner3/netcore/"],"TestExecutors2":[],"TestSettingsProviders":[]}},"LastRunTests":{"NewTestResults":[],"TestRunStatistics":{"ExecutedTests":0,"Stats":{}},"ActiveTests":[]},"RunAttachments":[],"ExecutorUris":[]}}
TpTrace Verbose: 0 : 15516, 14, 2026/08/23, 23:48:38.473, 3193471091556, vstest.console.dll, TestRequestSender.EndSession: Sending end session.
TpTrace Verbose: 0 : 15516, 14, 2026/08/23, 23:48:38.473, 3193471094645, vstest.console.dll, ProxyOperationManager.Close: waiting for test host to exit for 100 ms
TpTrace Warning: 0 : 15516, 12, 2026/08/23, 23:48:38.512, 3193471484261, vstest.console.dll, TestHostManagerCallbacks.ErrorReceivedCallback Test host standard error line: 
TpTrace Verbose: 0 : 15516, 13, 2026/08/23, 23:48:38.512, 3193471484261, vstest.console.dll, TestHostManagerCallbacks.StandardOutputReceivedCallback Test host standard output line: 
TpTrace Verbose: 0 : 15516, 12, 2026/08/23, 23:48:38.527, 3193471631600, vstest.console.dll, TestHostProvider.ExitCallBack: Host exited starting callback.
TpTrace Information: 0 : 15516, 12, 2026/08/23, 23:48:38.527, 3193471634501, vstest.console.dll, TestHostManagerCallbacks.ExitCallBack: Testhost processId: 34712 exited with exitcode: 0 error: ''
TpTrace Verbose: 0 : 15516, 12, 2026/08/23, 23:48:38.527, 3193471635071, vstest.console.dll, DotnetTestHostManager.OnHostExited: invoking OnHostExited callback
TpTrace Verbose: 0 : 15516, 12, 2026/08/23, 23:48:38.528, 3193471643330, vstest.console.dll, CrossPlatEngine.TestHostManagerHostExited: calling on client process exit callback.
TpTrace Information: 0 : 15516, 12, 2026/08/23, 23:48:38.528, 3193471645393, vstest.console.dll, TestRequestSender.OnClientProcessExit: Test host process exited. Standard error: 
TpTrace Information: 0 : 15516, 12, 2026/08/23, 23:48:38.528, 3193471645837, vstest.console.dll, SocketServer.Stop: Stop server endPoint: 127.0.0.1:52361
TpTrace Information: 0 : 15516, 12, 2026/08/23, 23:48:38.528, 3193471646026, vstest.console.dll, SocketServer.Stop: Cancellation requested. Stopping message loop.
TpTrace Information: 0 : 15516, 14, 2026/08/23, 23:48:38.528, 3193471646143, vstest.console.dll, SocketServer.Stop: Stop server endPoint: 127.0.0.1:52361
TpTrace Information: 0 : 15516, 14, 2026/08/23, 23:48:38.528, 3193471646734, vstest.console.dll, SocketServer.Stop: Cancellation requested. Stopping message loop.
TpTrace Information: 0 : 15516, 14, 2026/08/23, 23:48:38.528, 3193471647193, vstest.console.dll, Closing the connection
TpTrace Verbose: 0 : 15516, 12, 2026/08/23, 23:48:38.528, 3193471647427, vstest.console.dll, MulticastDelegateUtilities.SafeInvoke: HostProviderEvents.OnHostExited: Invoking callback 1/1 for Microsoft.VisualStudio.TestPlatform.CrossPlatEngine.Client.ProxyOperationManager., took 1 ms.
TpTrace Verbose: 0 : 15516, 14, 2026/08/23, 23:48:38.573, 3193472098619, vstest.console.dll, ParallelRunEventsHandler.HandleTestRunComplete: Handling a run completion, this can be either one part of parallel run completing, or the whole parallel run completing.
TpTrace Verbose: 0 : 15516, 14, 2026/08/23, 23:48:38.577, 3193472136293, vstest.console.dll, TestRunRequest:SendTestRunStatsChange: Starting.
TpTrace Verbose: 0 : 15516, 14, 2026/08/23, 23:48:38.578, 3193472139425, vstest.console.dll, MulticastDelegateUtilities.SafeInvoke: TestRun.RunStatsChanged: Invoking callbacks was skipped because there are no subscribers.
TpTrace Information: 0 : 15516, 14, 2026/08/23, 23:48:38.578, 3193472139695, vstest.console.dll, TestRunRequest:SendTestRunStatsChange: Completed.
TpTrace Verbose: 0 : 15516, 14, 2026/08/23, 23:48:38.578, 3193472144166, vstest.console.dll, ParallelProxyExecutionManager: HandlePartialRunComplete: Total workloads = 1, Total started clients = 1 Total completed clients = 1, Run complete = True, Run canceled: False.
TpTrace Verbose: 0 : 15516, 14, 2026/08/23, 23:48:38.578, 3193472145269, vstest.console.dll, ParallelProxyExecutionManager: HandlePartialRunComplete: All runs completed stopping all managers.
TpTrace Verbose: 0 : 15516, 14, 2026/08/23, 23:48:38.578, 3193472145601, vstest.console.dll, ParallelOperationManager.StopAllManagers: Stopping all managers.
TpTrace Verbose: 0 : 15516, 14, 2026/08/23, 23:48:38.578, 3193472145842, vstest.console.dll, ParallelOperationManager.ClearSlots: Clearing all slots. Slots should accept more work: False
TpTrace Verbose: 0 : 15516, 14, 2026/08/23, 23:48:38.578, 3193472146313, vstest.console.dll, ParallelOperationManager.SetOccupiedSlotCount: Setting slot counts AvailableSlotCount = 1, OccupiedSlotCount = 0.
TpTrace Verbose: 0 : 15516, 14, 2026/08/23, 23:48:38.578, 3193472146698, vstest.console.dll, Occupied slots:

TpTrace Verbose: 0 : 15516, 14, 2026/08/23, 23:48:38.578, 3193472146891, vstest.console.dll, ParallelRunEventsHandler.HandleTestRunComplete: Whole parallel run completed.
TpTrace Verbose: 0 : 15516, 4, 2026/08/23, 23:48:38.585, 3193472217618, vstest.console.dll, MulticastDelegateUtilities.SafeInvoke: InternalTestLoggerEvents.SendTestRunComplete: Invoking callback 1/1 for Microsoft.VisualStudio.TestPlatform.CommandLine.Internal.MSBuildLogger., took 3 ms.
TpTrace Verbose: 0 : 15516, 14, 2026/08/23, 23:48:38.587, 3193472230659, vstest.console.dll, TestRunRequest:TestRunComplete: Starting. IsAborted:False IsCanceled:False.
TpTrace Verbose: 0 : 15516, 14, 2026/08/23, 23:48:38.587, 3193472235973, vstest.console.dll, ParallelOperationManager.DoActionOnAllManagers: Calling an action on all managers.
TpTrace Verbose: 0 : 15516, 14, 2026/08/23, 23:48:38.590, 3193472259836, vstest.console.dll, TestLoggerManager.HandleTestRunComplete: Ignoring as the object is disposed.
TpTrace Verbose: 0 : 15516, 14, 2026/08/23, 23:48:38.591, 3193472270356, vstest.console.dll, MulticastDelegateUtilities.SafeInvoke: TestRun.TestRunComplete: Invoking callback 1/2 for Microsoft.VisualStudio.TestPlatform.CommandLine.TestRunResultAggregator., took 0 ms.
TpTrace Verbose: 0 : 15516, 14, 2026/08/23, 23:48:38.591, 3193472275004, vstest.console.dll, MulticastDelegateUtilities.SafeInvoke: TestRun.TestRunComplete: Invoking callback 2/2 for Microsoft.VisualStudio.TestPlatform.CommandLine.Processors.RunTestsArgumentExecutor+TestRunRequestEventsRegistrar., took 0 ms.
TpTrace Verbose: 0 : 15516, 2, 2026/08/23, 23:48:38.591, 3193472278129, vstest.console.dll, TestRunRequest.Dispose: Starting.
TpTrace Information: 0 : 15516, 14, 2026/08/23, 23:48:38.592, 3193472287980, vstest.console.dll, TestRunRequest:TestRunComplete: Completed.
TpTrace Verbose: 0 : 15516, 14, 2026/08/23, 23:48:38.593, 3193472289996, vstest.console.dll, TestRequestSender.SetOperationComplete: Setting operation complete.
TpTrace Information: 0 : 15516, 14, 2026/08/23, 23:48:38.593, 3193472290344, vstest.console.dll, SocketServer.Stop: Stop server endPoint: 127.0.0.1:52361
TpTrace Information: 0 : 15516, 2, 2026/08/23, 23:48:38.593, 3193472290511, vstest.console.dll, TestRunRequest.Dispose: Completed.
TpTrace Information: 0 : 15516, 14, 2026/08/23, 23:48:38.593, 3193472290582, vstest.console.dll, SocketServer.Stop: Cancellation requested. Stopping message loop.
TpTrace Information: 0 : 15516, 2, 2026/08/23, 23:48:38.593, 3193472291596, vstest.console.dll, TestRequestManager.RunTests: run tests completed.
TpTrace Verbose: 0 : 15516, 14, 2026/08/23, 23:48:38.593, 3193472292894, vstest.console.dll, MulticastDelegateUtilities.SafeInvoke: LengthPrefixCommunicationChannel: MessageReceived: Invoking callback 1/1 for Microsoft.VisualStudio.TestPlatform.CommunicationUtilities.TestRequestSender+<>c__DisplayClass34_0., took 120 ms.
TpTrace Information: 0 : 15516, 14, 2026/08/23, 23:48:38.593, 3193472294087, vstest.console.dll, SocketServer.PrivateStop: Stopping server endPoint: 127.0.0.1:52361 error: 
TpTrace Information: 0 : 15516, 2, 2026/08/23, 23:48:38.593, 3193472294283, vstest.console.dll, RunTestsArgumentProcessor:Execute: Test run is completed.
TpTrace Verbose: 0 : 15516, 2, 2026/08/23, 23:48:38.594, 3193472300066, vstest.console.dll, Executor.Execute: Exiting with exit code of 0
TpTrace Verbose: 0 : 15516, 14, 2026/08/23, 23:48:38.594, 3193472307248, vstest.console.dll, LengthPrefixCommunicationChannel.Dispose: Dispose reader and writer.
TpTrace Information: 0 : 15516, 14, 2026/08/23, 23:48:38.595, 3193472310342, vstest.console.dll, SocketServer.Stop: Raise disconnected event endPoint: 127.0.0.1:52361 error: 
TpTrace Verbose: 0 : 15516, 14, 2026/08/23, 23:48:38.595, 3193472311788, vstest.console.dll, TestRequestSender: OnTestRunAbort: Operation is already complete. Skip error message.
TpTrace Verbose: 0 : 15516, 14, 2026/08/23, 23:48:38.595, 3193472312575, vstest.console.dll, MulticastDelegateUtilities.SafeInvoke: SocketServer: ClientDisconnected: Invoking callback 1/1 for Microsoft.VisualStudio.TestPlatform.CommunicationUtilities.TestRequestSender., took 0 ms.
TpTrace Verbose: 0 : 15516, 14, 2026/08/23, 23:48:38.595, 3193472313031, vstest.console.dll, TcpClientExtensions.MessageLoopAsync: exiting MessageLoopAsync remoteEndPoint: 127.0.0.1:52364 localEndPoint: 127.0.0.1:52361
